{"__meta":{"schema_version":3,"schema_name":"GLRMModelV3","schema_type":"GLRMModel"},"model_id":{"__meta":{"schema_version":3,"schema_name":"ModelKeyV3","schema_type":"Key<Model>"},"name":"glrm_h2o","type":"Key<Model>","URL":"/3/Models/glrm_h2o"},"algo":"glrm","algo_full_name":"Generalized Low Rank Modeling","response_column_name":null,"treatment_column_name":null,"data_frame":{"__meta":{"schema_version":3,"schema_name":"FrameKeyV3","schema_type":"Key<Frame>"},"name":"py_3_sid_bed7","type":"Key<Frame>","URL":"/3/Frames/py_3_sid_bed7"},"timestamp":1653387733636,"have_pojo":false,"have_mojo":true,"algo":"glrm","algo_full_name":"Generalized Low Rank Modeling","model_id":{"__meta":{"schema_version":3,"schema_name":"ModelKeyV3","schema_type":"Key<Model>"},"name":"glrm_h2o","type":"Key<Model>","URL":"/3/Models/glrm_h2o"},"parameters":[{"__meta":{"schema_version":3,"schema_name":"ModelParameterSchemaV3","schema_type":"Iced"},"name":"model_id","label":"model_id","help":"Destination id for this model; auto-generated if not specified.","required":false,"type":"Key<Model>","default_value":null,"actual_value":{"__meta":{"schema_version":3,"schema_name":"ModelKeyV3","schema_type":"Key<Model>"},"name":"glrm_h2o","type":"Key<Model>","URL":"/3/Models/glrm_h2o"},"input_value":null,"level":"critical","values":[],"is_member_of_frames":[],"is_mutually_exclusive_with":[],"gridable":false},{"__meta":{"schema_version":3,"schema_name":"ModelParameterSchemaV3","schema_type":"Iced"},"name":"training_frame","label":"training_frame","help":"Id of the training data frame.","required":false,"type":"Key<Frame>","default_value":null,"actual_value":{"__meta":{"schema_version":3,"schema_name":"FrameKeyV3","schema_type":"Key<Frame>"},"name":"py_3_sid_bed7","type":"Key<Frame>","URL":"/3/Frames/py_3_sid_bed7"},"input_value":{"__meta":{"schema_version":3,"schema_name":"FrameKeyV3","schema_type":"Key<Frame>"},"name":"py_3_sid_bed7","type":"Key<Frame>","URL":"/3/Frames/py_3_sid_bed7"},"level":"critical","values":[],"is_member_of_frames":[],"is_mutually_exclusive_with":[],"gridable":false},{"__meta":{"schema_version":3,"schema_name":"ModelParameterSchemaV3","schema_type":"Iced"},"name":"validation_frame","label":"validation_frame","help":"Id of the validation data frame.","required":false,"type":"Key<Frame>","default_value":null,"actual_value":null,"input_value":null,"level":"critical","values":[],"is_member_of_frames":[],"is_mutually_exclusive_with":[],"gridable":true},{"__meta":{"schema_version":3,"schema_name":"ModelParameterSchemaV3","schema_type":"Iced"},"name":"ignored_columns","label":"ignored_columns","help":"Names of columns to ignore for training.","required":false,"type":"string[]","default_value":null,"actual_value":null,"input_value":null,"level":"critical","values":[],"is_member_of_frames":["training_frame","validation_frame"],"is_mutually_exclusive_with":[],"gridable":false},{"__meta":{"schema_version":3,"schema_name":"ModelParameterSchemaV3","schema_type":"Iced"},"name":"ignore_const_cols","label":"ignore_const_cols","help":"Ignore constant columns.","required":false,"type":"boolean","default_value":true,"actual_value":true,"input_value":true,"level":"critical","values":[],"is_member_of_frames":[],"is_mutually_exclusive_with":[],"gridable":false},{"__meta":{"schema_version":3,"schema_name":"ModelParameterSchemaV3","schema_type":"Iced"},"name":"score_each_iteration","label":"score_each_iteration","help":"Whether to score during each iteration of model training.","required":false,"type":"boolean","default_value":false,"actual_value":false,"input_value":false,"level":"secondary","values":[],"is_member_of_frames":[],"is_mutually_exclusive_with":[],"gridable":false},{"__meta":{"schema_version":3,"schema_name":"ModelParameterSchemaV3","schema_type":"Iced"},"name":"representation_name","label":"representation_name","help":"Frame key to save resulting X","required":false,"type":"string","default_value":null,"actual_value":null,"input_value":null,"level":"critical","values":[],"is_member_of_frames":[],"is_mutually_exclusive_with":[],"gridable":false},{"__meta":{"schema_version":3,"schema_name":"ModelParameterSchemaV3","schema_type":"Iced"},"name":"loading_name","label":"loading_name","help":"[Deprecated] Use representation_name instead.  Frame key to save resulting X.","required":false,"type":"string","default_value":null,"actual_value":null,"input_value":null,"level":"critical","values":[],"is_member_of_frames":[],"is_mutually_exclusive_with":[],"gridable":false},{"__meta":{"schema_version":3,"schema_name":"ModelParameterSchemaV3","schema_type":"Iced"},"name":"transform","label":"transform","help":"Transformation of training data","required":false,"type":"enum","default_value":"NONE","actual_value":"STANDARDIZE","input_value":"STANDARDIZE","level":"critical","values":["NONE","STANDARDIZE","NORMALIZE","DEMEAN","DESCALE"],"is_member_of_frames":[],"is_mutually_exclusive_with":[],"gridable":true},{"__meta":{"schema_version":3,"schema_name":"ModelParameterSchemaV3","schema_type":"Iced"},"name":"k","label":"k","help":"Rank of matrix approximation","required":true,"type":"int","default_value":1,"actual_value":4,"input_value":4,"level":"critical","values":[],"is_member_of_frames":[],"is_mutually_exclusive_with":[],"gridable":true},{"__meta":{"schema_version":3,"schema_name":"ModelParameterSchemaV3","schema_type":"Iced"},"name":"loss","label":"loss","help":"Numeric loss function","required":false,"type":"enum","default_value":"Quadratic","actual_value":"Quadratic","input_value":"Quadratic","level":"critical","values":["Quadratic","Absolute","Huber","Poisson","Hinge","Logistic","Periodic"],"is_member_of_frames":[],"is_mutually_exclusive_with":[],"gridable":true},{"__meta":{"schema_version":3,"schema_name":"ModelParameterSchemaV3","schema_type":"Iced"},"name":"loss_by_col","label":"loss_by_col","help":"Loss function by column (override)","required":false,"type":"enum[]","default_value":null,"actual_value":null,"input_value":null,"level":"critical","values":["Quadratic","Absolute","Huber","Poisson","Hinge","Logistic","Periodic","Categorical","Ordinal"],"is_member_of_frames":[],"is_mutually_exclusive_with":[],"gridable":true},{"__meta":{"schema_version":3,"schema_name":"ModelParameterSchemaV3","schema_type":"Iced"},"name":"loss_by_col_idx","label":"loss_by_col_idx","help":"Loss function by column index (override)","required":false,"type":"int[]","default_value":null,"actual_value":null,"input_value":null,"level":"critical","values":[],"is_member_of_frames":[],"is_mutually_exclusive_with":[],"gridable":false},{"__meta":{"schema_version":3,"schema_name":"ModelParameterSchemaV3","schema_type":"Iced"},"name":"multi_loss","label":"multi_loss","help":"Categorical loss function","required":false,"type":"enum","default_value":"Categorical","actual_value":"Categorical","input_value":"Categorical","level":"critical","values":["Categorical","Ordinal"],"is_member_of_frames":[],"is_mutually_exclusive_with":[],"gridable":true},{"__meta":{"schema_version":3,"schema_name":"ModelParameterSchemaV3","schema_type":"Iced"},"name":"period","label":"period","help":"Length of period (only used with periodic loss function)","required":false,"type":"int","default_value":1,"actual_value":1,"input_value":1,"level":"critical","values":[],"is_member_of_frames":[],"is_mutually_exclusive_with":[],"gridable":true},{"__meta":{"schema_version":3,"schema_name":"ModelParameterSchemaV3","schema_type":"Iced"},"name":"regularization_x","label":"regularization_x","help":"Regularization function for X matrix","required":false,"type":"enum","default_value":"None","actual_value":"None","input_value":"None","level":"critical","values":["None","Quadratic","L2","L1","NonNegative","OneSparse","UnitOneSparse","Simplex"],"is_member_of_frames":[],"is_mutually_exclusive_with":[],"gridable":true},{"__meta":{"schema_version":3,"schema_name":"ModelParameterSchemaV3","schema_type":"Iced"},"name":"regularization_y","label":"regularization_y","help":"Regularization function for Y matrix","required":false,"type":"enum","default_value":"None","actual_value":"None","input_value":"None","level":"critical","values":["None","Quadratic","L2","L1","NonNegative","OneSparse","UnitOneSparse","Simplex"],"is_member_of_frames":[],"is_mutually_exclusive_with":[],"gridable":true},{"__meta":{"schema_version":3,"schema_name":"ModelParameterSchemaV3","schema_type":"Iced"},"name":"gamma_x","label":"gamma_x","help":"Regularization weight on X matrix","required":false,"type":"double","default_value":0.0,"actual_value":0.5,"input_value":0.5,"level":"critical","values":[],"is_member_of_frames":[],"is_mutually_exclusive_with":[],"gridable":true},{"__meta":{"schema_version":3,"schema_name":"ModelParameterSchemaV3","schema_type":"Iced"},"name":"gamma_y","label":"gamma_y","help":"Regularization weight on Y matrix","required":false,"type":"double","default_value":0.0,"actual_value":0.5,"input_value":0.5,"level":"critical","values":[],"is_member_of_frames":[],"is_mutually_exclusive_with":[],"gridable":true},{"__meta":{"schema_version":3,"schema_name":"ModelParameterSchemaV3","schema_type":"Iced"},"name":"max_iterations","label":"max_iterations","help":"Maximum number of iterations","required":false,"type":"int","default_value":1000,"actual_value":700,"input_value":700,"level":"critical","values":[],"is_member_of_frames":[],"is_mutually_exclusive_with":[],"gridable":true},{"__meta":{"schema_version":3,"schema_name":"ModelParameterSchemaV3","schema_type":"Iced"},"name":"max_updates","label":"max_updates","help":"Maximum number of updates, defaults to 2*max_iterations","required":false,"type":"int","default_value":2000,"actual_value":2000,"input_value":2000,"level":"critical","values":[],"is_member_of_frames":[],"is_mutually_exclusive_with":[],"gridable":true},{"__meta":{"schema_version":3,"schema_name":"ModelParameterSchemaV3","schema_type":"Iced"},"name":"init_step_size","label":"init_step_size","help":"Initial step size","required":false,"type":"double","default_value":1.0,"actual_value":1.0,"input_value":1.0,"level":"critical","values":[],"is_member_of_frames":[],"is_mutually_exclusive_with":[],"gridable":true},{"__meta":{"schema_version":3,"schema_name":"ModelParameterSchemaV3","schema_type":"Iced"},"name":"min_step_size","label":"min_step_size","help":"Minimum step size","required":false,"type":"double","default_value":1.0E-4,"actual_value":1.0E-4,"input_value":1.0E-4,"level":"critical","values":[],"is_member_of_frames":[],"is_mutually_exclusive_with":[],"gridable":true},{"__meta":{"schema_version":3,"schema_name":"ModelParameterSchemaV3","schema_type":"Iced"},"name":"seed","label":"seed","help":"RNG seed for initialization","required":false,"type":"long","default_value":-1,"actual_value":7584613205196358926,"input_value":-1,"level":"critical","values":[],"is_member_of_frames":[],"is_mutually_exclusive_with":[],"gridable":true},{"__meta":{"schema_version":3,"schema_name":"ModelParameterSchemaV3","schema_type":"Iced"},"name":"init","label":"init","help":"Initialization mode","required":false,"type":"enum","default_value":"PlusPlus","actual_value":"SVD","input_value":"SVD","level":"critical","values":["Random","SVD","PlusPlus","User"],"is_member_of_frames":[],"is_mutually_exclusive_with":[],"gridable":true},{"__meta":{"schema_version":3,"schema_name":"ModelParameterSchemaV3","schema_type":"Iced"},"name":"svd_method","label":"svd_method","help":"Method for computing SVD during initialization (Caution: Randomized is currently experimental and unstable)","required":false,"type":"enum","default_value":"Randomized","actual_value":"Randomized","input_value":"Randomized","level":"critical","values":["GramSVD","Power","Randomized"],"is_member_of_frames":[],"is_mutually_exclusive_with":[],"gridable":true},{"__meta":{"schema_version":3,"schema_name":"ModelParameterSchemaV3","schema_type":"Iced"},"name":"user_y","label":"user_y","help":"User-specified initial Y","required":false,"type":"Key<Frame>","default_value":null,"actual_value":null,"input_value":null,"level":"critical","values":[],"is_member_of_frames":[],"is_mutually_exclusive_with":[],"gridable":false},{"__meta":{"schema_version":3,"schema_name":"ModelParameterSchemaV3","schema_type":"Iced"},"name":"user_x","label":"user_x","help":"User-specified initial X","required":false,"type":"Key<Frame>","default_value":null,"actual_value":null,"input_value":null,"level":"critical","values":[],"is_member_of_frames":[],"is_mutually_exclusive_with":[],"gridable":false},{"__meta":{"schema_version":3,"schema_name":"ModelParameterSchemaV3","schema_type":"Iced"},"name":"expand_user_y","label":"expand_user_y","help":"Expand categorical columns in user-specified initial Y","required":false,"type":"boolean","default_value":true,"actual_value":true,"input_value":true,"level":"critical","values":[],"is_member_of_frames":[],"is_mutually_exclusive_with":[],"gridable":false},{"__meta":{"schema_version":3,"schema_name":"ModelParameterSchemaV3","schema_type":"Iced"},"name":"impute_original","label":"impute_original","help":"Reconstruct original training data by reversing transform","required":false,"type":"boolean","default_value":false,"actual_value":false,"input_value":false,"level":"critical","values":[],"is_member_of_frames":[],"is_mutually_exclusive_with":[],"gridable":false},{"__meta":{"schema_version":3,"schema_name":"ModelParameterSchemaV3","schema_type":"Iced"},"name":"recover_svd","label":"recover_svd","help":"Recover singular values and eigenvectors of XY","required":false,"type":"boolean","default_value":false,"actual_value":true,"input_value":true,"level":"critical","values":[],"is_member_of_frames":[],"is_mutually_exclusive_with":[],"gridable":false},{"__meta":{"schema_version":3,"schema_name":"ModelParameterSchemaV3","schema_type":"Iced"},"name":"max_runtime_secs","label":"max_runtime_secs","help":"Maximum allowed runtime in seconds for model training. Use 0 to disable.","required":false,"type":"double","default_value":0.0,"actual_value":0.0,"input_value":0.0,"level":"secondary","values":[],"is_member_of_frames":[],"is_mutually_exclusive_with":[],"gridable":true},{"__meta":{"schema_version":3,"schema_name":"ModelParameterSchemaV3","schema_type":"Iced"},"name":"export_checkpoints_dir","label":"export_checkpoints_dir","help":"Automatically export generated models to this directory.","required":false,"type":"string","default_value":null,"actual_value":null,"input_value":null,"level":"secondary","values":[],"is_member_of_frames":[],"is_mutually_exclusive_with":[],"gridable":false}],"output":{"__meta":{"schema_version":3,"schema_name":"GLRMModelOutputV3","schema_type":"GLRMOutput"},"names":["Time","V1","V2","V3","V4","V5","V6","V7","V8","V9","V10","V11","V12","V13","V14","V15","V16","V17","V18","V19","V20","V21","V22","V23","V24","V25","V26","V27","V28","Amount","Class"],"original_names":null,"column_types":["Numeric","Numeric","Numeric","Numeric","Numeric","Numeric","Numeric","Numeric","Numeric","Numeric","Numeric","Numeric","Numeric","Numeric","Numeric","Numeric","Numeric","Numeric","Numeric","Numeric","Numeric","Numeric","Numeric","Numeric","Numeric","Numeric","Numeric","Numeric","Numeric","Numeric","Numeric"],"domains":[null,null,null,null,null,null,null,null,null,null,null,null,null,null,null,null,null,null,null,null,null,null,null,null,null,null,null,null,null,null,null],"cross_validation_models":null,"cross_validation_predictions":null,"cross_validation_holdout_predictions_frame_id":null,"cross_validation_fold_assignment_frame_id":null,"model_category":"DimReduction","model_summary":{"__meta":{"schema_version":3,"schema_name":"TwoDimTableV3","schema_type":"TwoDimTable"},"name":"Model Summary","description":"","columns":[{"__meta":{"schema_version":-1,"schema_name":"ColumnSpecsBase","schema_type":"Iced"},"name":"","type":"string","format":"%s","description":""},{"__meta":{"schema_version":-1,"schema_name":"ColumnSpecsBase","schema_type":"Iced"},"name":"number_of_iterations","type":"long","format":"%d","description":"Number of Iterations"},{"__meta":{"schema_version":-1,"schema_name":"ColumnSpecsBase","schema_type":"Iced"},"name":"final_step_size","type":"double","format":"%.5f","description":"Final Step Size"},{"__meta":{"schema_version":-1,"schema_name":"ColumnSpecsBase","schema_type":"Iced"},"name":"final_objective_value","type":"double","format":"%.5f","description":"Final Objective Value"}],"rowcount":1,"data":[[""],[198],[4.526366141281695E-5],[4207566.045671819]]},"scoring_history":{"__meta":{"schema_version":3,"schema_name":"TwoDimTableV3","schema_type":"TwoDimTable"},"name":"Scoring History","description":"","columns":[{"__meta":{"schema_version":-1,"schema_name":"ColumnSpecsBase","schema_type":"Iced"},"name":"","type":"string","format":"%s","description":""},{"__meta":{"schema_version":-1,"schema_name":"ColumnSpecsBase","schema_type":"Iced"},"name":"timestamp","type":"string","format":"%s","description":"Timestamp"},{"__meta":{"schema_version":-1,"schema_name":"ColumnSpecsBase","schema_type":"Iced"},"name":"duration","type":"string","format":"%s","description":"Duration"},{"__meta":{"schema_version":-1,"schema_name":"ColumnSpecsBase","schema_type":"Iced"},"name":"iterations","type":"long","format":"%d","description":"Iterations"},{"__meta":{"schema_version":-1,"schema_name":"ColumnSpecsBase","schema_type":"Iced"},"name":"step_size","type":"double","format":"%.5f","description":"Step Size"},{"__meta":{"schema_version":-1,"schema_name":"ColumnSpecsBase","schema_type":"Iced"},"name":"objective","type":"double","format":"%.5f","description":"Objective"}],"rowcount":198,"data":[["","","","","","","","","","","","","","","","","","","","","","","","","","","","","","","","","","","","","","","","","","","","","","","","","","","","","","","","","","","","","","","","","","","","","","","","","","","","","","","","","","","","","","","","","","","","","","","","","","","","","","","","","","","","","","","","","","","","","","","","","","","","","","","","","","","","","","","","","","","","","","","","","","","","","","","","","","","","","","","","","","","","","","","","","","","","","","","","","","","","","","","","","","","","","","","","","","","","","",""],["2022-05-24 12:21:45","2022-05-24 12:21:45","2022-05-24 12:21:45","2022-05-24 12:21:46","2022-05-24 12:21:46","2022-05-24 12:21:46","2022-05-24 12:21:46","2022-05-24 12:21:46","2022-05-24 12:21:46","2022-05-24 12:21:46","2022-05-24 12:21:46","2022-05-24 12:21:47","2022-05-24 12:21:47","2022-05-24 12:21:47","2022-05-24 12:21:47","2022-05-24 12:21:47","2022-05-24 12:21:47","2022-05-24 12:21:47","2022-05-24 12:21:48","2022-05-24 12:21:48","2022-05-24 12:21:48","2022-05-24 12:21:48","2022-05-24 12:21:48","2022-05-24 12:21:48","2022-05-24 12:21:48","2022-05-24 12:21:49","2022-05-24 12:21:49","2022-05-24 12:21:49","2022-05-24 12:21:49","2022-05-24 12:21:49","2022-05-24 12:21:49","2022-05-24 12:21:49","2022-05-24 12:21:50","2022-05-24 12:21:50","2022-05-24 12:21:50","2022-05-24 12:21:50","2022-05-24 12:21:50","2022-05-24 12:21:50","2022-05-24 12:21:50","2022-05-24 12:21:51","2022-05-24 12:21:51","2022-05-24 12:21:51","2022-05-24 12:21:51","2022-05-24 12:21:51","2022-05-24 12:21:51","2022-05-24 12:21:51","2022-05-24 12:21:52","2022-05-24 12:21:52","2022-05-24 12:21:52","2022-05-24 12:21:52","2022-05-24 12:21:52","2022-05-24 12:21:52","2022-05-24 12:21:52","2022-05-24 12:21:53","2022-05-24 12:21:53","2022-05-24 12:21:53","2022-05-24 12:21:53","2022-05-24 12:21:53","2022-05-24 12:21:53","2022-05-24 12:21:53","2022-05-24 12:21:54","2022-05-24 12:21:54","2022-05-24 12:21:54","2022-05-24 12:21:54","2022-05-24 12:21:54","2022-05-24 12:21:54","2022-05-24 12:21:54","2022-05-24 12:21:55","2022-05-24 12:21:55","2022-05-24 12:21:55","2022-05-24 12:21:55","2022-05-24 12:21:55","2022-05-24 12:21:55","2022-05-24 12:21:55","2022-05-24 12:21:56","2022-05-24 12:21:56","2022-05-24 12:21:56","2022-05-24 12:21:56","2022-05-24 12:21:56","2022-05-24 12:21:56","2022-05-24 12:21:56","2022-05-24 12:21:57","2022-05-24 12:21:57","2022-05-24 12:21:57","2022-05-24 12:21:57","2022-05-24 12:21:57","2022-05-24 12:21:57","2022-05-24 12:21:58","2022-05-24 12:21:58","2022-05-24 12:21:58","2022-05-24 12:21:58","2022-05-24 12:21:58","2022-05-24 12:21:58","2022-05-24 12:21:58","2022-05-24 12:21:59","2022-05-24 12:21:59","2022-05-24 12:21:59","2022-05-24 12:21:59","2022-05-24 12:21:59","2022-05-24 12:21:59","2022-05-24 12:21:59","2022-05-24 12:22:00","2022-05-24 12:22:00","2022-05-24 12:22:00","2022-05-24 12:22:00","2022-05-24 12:22:00","2022-05-24 12:22:00","2022-05-24 12:22:00","2022-05-24 12:22:01","2022-05-24 12:22:01","2022-05-24 12:22:01","2022-05-24 12:22:01","2022-05-24 12:22:01","2022-05-24 12:22:01","2022-05-24 12:22:01","2022-05-24 12:22:02","2022-05-24 12:22:02","2022-05-24 12:22:02","2022-05-24 12:22:02","2022-05-24 12:22:02","2022-05-24 12:22:02","2022-05-24 12:22:02","2022-05-24 12:22:02","2022-05-24 12:22:03","2022-05-24 12:22:03","2022-05-24 12:22:03","2022-05-24 12:22:03","2022-05-24 12:22:03","2022-05-24 12:22:03","2022-05-24 12:22:03","2022-05-24 12:22:04","2022-05-24 12:22:04","2022-05-24 12:22:04","2022-05-24 12:22:04","2022-05-24 12:22:04","2022-05-24 12:22:04","2022-05-24 12:22:04","2022-05-24 12:22:05","2022-05-24 12:22:05","2022-05-24 12:22:05","2022-05-24 12:22:05","2022-05-24 12:22:05","2022-05-24 12:22:05","2022-05-24 12:22:05","2022-05-24 12:22:06","2022-05-24 12:22:06","2022-05-24 12:22:06","2022-05-24 12:22:06","2022-05-24 12:22:06","2022-05-24 12:22:06","2022-05-24 12:22:06","2022-05-24 12:22:07","2022-05-24 12:22:07","2022-05-24 12:22:07","2022-05-24 12:22:07","2022-05-24 12:22:07","2022-05-24 12:22:07","2022-05-24 12:22:07","2022-05-24 12:22:08","2022-05-24 12:22:08","2022-05-24 12:22:08","2022-05-24 12:22:08","2022-05-24 12:22:08","2022-05-24 12:22:08","2022-05-24 12:22:08","2022-05-24 12:22:09","2022-05-24 12:22:09","2022-05-24 12:22:09","2022-05-24 12:22:09","2022-05-24 12:22:09","2022-05-24 12:22:09","2022-05-24 12:22:09","2022-05-24 12:22:10","2022-05-24 12:22:10","2022-05-24 12:22:10","2022-05-24 12:22:10","2022-05-24 12:22:10","2022-05-24 12:22:10","2022-05-24 12:22:10","2022-05-24 12:22:11","2022-05-24 12:22:11","2022-05-24 12:22:11","2022-05-24 12:22:11","2022-05-24 12:22:11","2022-05-24 12:22:11","2022-05-24 12:22:11","2022-05-24 12:22:12","2022-05-24 12:22:12","2022-05-24 12:22:12","2022-05-24 12:22:12","2022-05-24 12:22:12","2022-05-24 12:22:12","2022-05-24 12:22:12","2022-05-24 12:22:13","2022-05-24 12:22:13","2022-05-24 12:22:13","2022-05-24 12:22:13","2022-05-24 12:22:13"],[" 0.546 sec"," 0.652 sec"," 0.773 sec"," 0.901 sec"," 1.032 sec"," 1.182 sec"," 1.319 sec"," 1.461 sec"," 1.611 sec"," 1.753 sec"," 1.894 sec"," 2.038 sec"," 2.182 sec"," 2.322 sec"," 2.464 sec"," 2.616 sec"," 2.753 sec"," 2.895 sec"," 3.038 sec"," 3.178 sec"," 3.321 sec"," 3.463 sec"," 3.605 sec"," 3.746 sec"," 3.888 sec"," 4.028 sec"," 4.170 sec"," 4.312 sec"," 4.451 sec"," 4.601 sec"," 4.744 sec"," 4.888 sec"," 5.037 sec"," 5.182 sec"," 5.323 sec"," 5.465 sec"," 5.608 sec"," 5.747 sec"," 5.890 sec"," 6.034 sec"," 6.172 sec"," 6.315 sec"," 6.457 sec"," 6.605 sec"," 6.744 sec"," 6.885 sec"," 7.025 sec"," 7.164 sec"," 7.303 sec"," 7.448 sec"," 7.588 sec"," 7.729 sec"," 7.872 sec"," 8.012 sec"," 8.155 sec"," 8.296 sec"," 8.438 sec"," 8.578 sec"," 8.717 sec"," 8.859 sec"," 9.000 sec"," 9.140 sec"," 9.277 sec"," 9.419 sec"," 9.558 sec"," 9.700 sec"," 9.842 sec"," 9.983 sec","10.124 sec","10.264 sec","10.404 sec","10.544 sec","10.684 sec","10.830 sec","10.981 sec","11.135 sec","11.278 sec","11.420 sec","11.570 sec","11.711 sec","11.851 sec","11.992 sec","12.135 sec","12.283 sec","12.470 sec","12.640 sec","12.784 sec","12.923 sec","13.060 sec","13.202 sec","13.341 sec","13.487 sec","13.628 sec","13.768 sec","13.906 sec","14.050 sec","14.192 sec","14.332 sec","14.473 sec","14.622 sec","14.761 sec","14.907 sec","15.049 sec","15.193 sec","15.334 sec","15.481 sec","15.624 sec","15.769 sec","15.915 sec","16.053 sec","16.193 sec","16.332 sec","16.472 sec","16.616 sec","16.760 sec","16.902 sec","17.043 sec","17.181 sec","17.324 sec","17.462 sec","17.603 sec","17.743 sec","17.889 sec","18.027 sec","18.165 sec","18.304 sec","18.445 sec","18.589 sec","18.730 sec","18.870 sec","19.013 sec","19.154 sec","19.296 sec","19.441 sec","19.582 sec","19.722 sec","19.864 sec","20.007 sec","20.146 sec","20.285 sec","20.427 sec","20.572 sec","20.724 sec","20.861 sec","20.999 sec","21.141 sec","21.281 sec","21.422 sec","21.559 sec","21.709 sec","21.850 sec","21.989 sec","22.128 sec","22.267 sec","22.408 sec","22.550 sec","22.688 sec","22.828 sec","22.966 sec","23.104 sec","23.244 sec","23.397 sec","23.538 sec","23.678 sec","23.821 sec","23.961 sec","24.101 sec","24.244 sec","24.384 sec","24.524 sec","24.665 sec","24.809 sec","24.951 sec","25.097 sec","25.236 sec","25.376 sec","25.517 sec","25.663 sec","25.806 sec","25.950 sec","26.092 sec","26.230 sec","26.370 sec","26.510 sec","26.654 sec","26.795 sec","26.936 sec","27.072 sec","27.216 sec","27.353 sec","27.498 sec","27.636 sec","27.778 sec","27.918 sec","28.058 sec","28.197 sec","28.335 sec","28.474 sec"],[0,1,2,3,4,5,6,7,8,9,10,11,12,13,14,15,16,17,18,19,20,21,22,23,24,25,26,27,28,29,30,31,32,33,34,35,36,37,38,39,40,41,42,43,44,45,46,47,48,49,50,51,52,53,54,55,56,57,58,59,60,61,62,63,64,65,66,67,68,69,70,71,72,73,74,75,76,77,78,79,80,81,82,83,84,85,86,87,88,89,90,91,92,93,94,95,96,97,98,99,100,101,102,103,104,105,106,107,108,109,110,111,112,113,114,115,116,117,118,119,120,121,122,123,124,125,126,127,128,129,130,131,132,133,134,135,136,137,138,139,140,141,142,143,144,145,146,147,148,149,150,151,152,153,154,155,156,157,158,159,160,161,162,163,164,165,166,167,168,169,170,171,172,173,174,175,176,177,178,179,180,181,182,183,184,185,186,187,188,189,190,191,192,193,194,195,196,197],[0.6666666666666666,0.4444444444444444,0.2222222222222222,0.07407407407407407,0.018518518518518517,0.019444444444444445,0.020416666666666666,0.0214375,0.022509375,0.023634843750000002,0.024816585937500003,0.026057415234375006,0.027360285996093758,0.028728300295898446,0.03016471531069337,0.031672951076228036,0.033256598630039436,0.034919428561541406,0.03666539998961848,0.038498669989099406,0.04042360348855438,0.0424447836629821,0.044567022846131205,0.04679537398843776,0.04913514268785965,0.05159189982225264,0.05417149481336527,0.05688006955403354,0.05972407303173522,0.06271027668332199,0.0658457905174881,0.0691380800433625,0.07259498404553062,0.07622473324780715,0.05081648883187143,0.053357313273465004,0.05602517893713826,0.05882643788399517,0.06176775977819493,0.06485614776710467,0.06809895515545991,0.07150390291323291,0.07507909805889457,0.05005273203926305,0.0525553686412262,0.055183137073287515,0.057942293926951896,0.06083940862329949,0.06388137905446448,0.0670754480071877,0.0704292204075471,0.07395068142792445,0.049300454285282964,0.051765476999547116,0.05435375084952448,0.057071438392000705,0.059925010311600746,0.06292126082718079,0.06606732386853983,0.06937069006196683,0.07283922456506518,0.04855948304337679,0.05098745719554563,0.05353683005532291,0.05621367155808906,0.059024355135993516,0.06197557289279319,0.06507435153743285,0.0683280691143045,0.07174447257001973,0.047829648380013155,0.050221130799013816,0.05273218733896451,0.055368796705912736,0.05813723654120838,0.0610440983682688,0.06409630328668224,0.04273086885778816,0.04486741230067757,0.04711078291571145,0.04946632206149702,0.05193963816457187,0.05453662007280047,0.05726345107644049,0.06012662363026252,0.06313295481177565,0.06628960255236443,0.04419306836824296,0.04640272178665511,0.04872285787598787,0.051159000769787265,0.05371695080827663,0.05640279834869047,0.05922293826612499,0.06218408517943125,0.0414560567862875,0.04352885962560187,0.045705302606881965,0.04799056773722606,0.05039009612408737,0.05290960093029174,0.05555508097680633,0.05833283502564665,0.061249476776928984,0.06431195061577544,0.06752754814656421,0.07090392555389242,0.04726928370259495,0.0496327478877247,0.05211438528211093,0.05472010454621648,0.05745610977352731,0.06032891526220368,0.04021927684146912,0.04223024068354258,0.04434175271771971,0.0465588403536057,0.048886782371285985,0.051331121489850286,0.0538976775643428,0.05659256144255994,0.05942218951468794,0.06239329899042234,0.06551296393994346,0.06878861213694064,0.04585907475796042,0.048152028495858444,0.05055962992065137,0.05308761141668394,0.055741991987518134,0.058529091586894046,0.06145554616623875,0.04097036411082584,0.04301888231636713,0.045169826432185485,0.04742831775379476,0.0497997336414845,0.05228972032355873,0.05490420633973667,0.05764941665672351,0.06053188748955969,0.06355848186403767,0.06673640595723956,0.044490937304826374,0.0467154841700677,0.049051258378571085,0.05150382129749964,0.054079012362374626,0.05678296298049336,0.05962211112951803,0.06260321668599393,0.06573337752029364,0.04382225168019576,0.04601336426420555,0.04831403247741583,0.050729734101286623,0.053266220806350954,0.055929531846668504,0.05872600843900193,0.061662308860952024,0.06474542430399963,0.04316361620266642,0.045321797012799744,0.04758788686343973,0.04996728120661172,0.052465645266942314,0.05508892753028943,0.057843373906803906,0.0607355426021441,0.06377231973225131,0.04251487982150087,0.04464062381257592,0.04687265500320472,0.04921628775336496,0.05167710214103321,0.05426095724808487,0.05697400511048912,0.05982270536601358,0.06281384063431426,0.06595453266602998,0.06925225929933147,0.046168172866220984,0.04847658150953203,0.05090041058500864,0.053445431114259076,0.03563028740950605,0.03741180177998135,0.024941201186654233,0.026188261245986947,0.017458840830657966,0.018331782872190866,0.012221188581460577,0.008147459054307051,0.005431639369538034,0.002715819684769017,9.05273228256339E-4,2.2631830706408475E-4,4.526366141281695E-5],[4230464.630811425,4230464.630811425,4230464.630811425,4230464.630811425,4230464.630811425,4225788.743513569,4222761.670965018,4220547.892052957,4219103.027299125,4218202.533633172,4217652.106218949,4217313.532597336,4217095.679824271,4216941.915662702,4216819.054826692,4216708.80362391,4216601.67708161,4216492.990513039,4216380.415701447,4216262.614281971,4216138.546700375,4216007.162170867,4215867.278106082,4215717.542224446,4215556.43129792,4215382.279681472,4215193.358055308,4214988.05476989,4214765.276632398,4214525.344227153,4214272.082909247,4214018.076203899,4213799.272011274,4213721.301617307,4213721.301617307,4212599.849944783,4212436.485478699,4212308.907196644,4212164.807859445,4211991.843519761,4211786.347785403,4211565.806665396,4211432.097036906,4211432.097036906,4210064.403218353,4209804.380654635,4209601.817997017,4209392.483740333,4209169.664320654,4208941.182519638,4208732.638463172,4208608.617047073,4208608.617047073,4207888.703873672,4207819.01860852,4207781.340795697,4207748.316922313,4207717.074333485,4207688.117981163,4207663.471977363,4207647.353126737,4207647.353126737,4207588.616987025,4207583.749295108,4207581.148987474,4207578.866665509,4207576.703616709,4207574.712829221,4207572.985381468,4207571.885165116,4207571.885165116,4207568.190443426,4207567.773123111,4207567.549823797,4207567.374481839,4207567.228108952,4207567.194669971,4207567.194669971,4207566.808926739,4207566.638475036,4207566.56480965,4207566.501270833,4207566.446549962,4207566.39650825,4207566.352198293,4207566.317830059,4207566.315994335,4207566.315994335,4207566.2222343255,4207566.173226372,4207566.159045346,4207566.143050099,4207566.131885797,4207566.124801071,4207566.116749737,4207566.116749737,4207566.090560709,4207566.084916724,4207566.080710268,4207566.077066699,4207566.073545118,4207566.070080167,4207566.066690901,4207566.063470038,4207566.060565252,4207566.058549904,4207566.058152066,4207566.058152066,4207566.051613126,4207566.050211555,4207566.049674908,4207566.0494143525,4207566.049345701,4207566.049345701,4207566.047829802,4207566.047268543,4207566.047088719,4207566.0469281245,4207566.046795091,4207566.046663105,4207566.046535257,4207566.046412978,4207566.04629718,4207566.046209394,4207566.046156108,4207566.046156108,4207566.045936033,4207566.045883236,4207566.045857115,4207566.045834987,4207566.045817508,4207566.045811385,4207566.045811385,4207566.045772852,4207566.045749335,4207566.045741376,4207566.045733513,4207566.04572677,4207566.045720094,4207566.045713624,4207566.04570755,4207566.045702082,4207566.045698218,4207566.045698218,4207566.045688239,4207566.045685619,4207566.045684002,4207566.045682548,4207566.045681196,4207566.045679992,4207566.045679041,4207566.045678552,4207566.045678552,4207566.0456760265,4207566.045675218,4207566.045674786,4207566.045674423,4207566.045674115,4207566.045673823,4207566.045673615,4207566.045673495,4207566.045673495,4207566.045672884,4207566.045672682,4207566.045672573,4207566.04567248,4207566.045672395,4207566.045672326,4207566.04567226,4207566.045672205,4207566.045672205,4207566.045672078,4207566.045672042,4207566.045672016,4207566.045671995,4207566.045671967,4207566.045671947,4207566.045671926,4207566.04567191,4207566.045671895,4207566.045671891,4207566.045671891,4207566.04567185,4207566.045671837,4207566.045671832,4207566.045671832,4207566.045671825,4207566.045671825,4207566.0456718225,4207566.0456718225,4207566.045671819,4207566.045671819,4207566.045671819,4207566.045671819,4207566.045671819,4207566.045671819,4207566.045671819,4207566.045671819]]},"cv_scoring_history":null,"reproducibility_information_table":[{"__meta":{"schema_version":3,"schema_name":"TwoDimTableV3","schema_type":"TwoDimTable"},"name":"Node Information","description":"","columns":[{"__meta":{"schema_version":-1,"schema_name":"ColumnSpecsBase","schema_type":"Iced"},"name":"","type":"string","format":"%s","description":""},{"__meta":{"schema_version":-1,"schema_name":"ColumnSpecsBase","schema_type":"Iced"},"name":"node","type":"int","format":"%d","description":"node"},{"__meta":{"schema_version":-1,"schema_name":"ColumnSpecsBase","schema_type":"Iced"},"name":"h2o","type":"string","format":"%s","description":"h2o"},{"__meta":{"schema_version":-1,"schema_name":"ColumnSpecsBase","schema_type":"Iced"},"name":"healthy","type":"string","format":"%s","description":"healthy"},{"__meta":{"schema_version":-1,"schema_name":"ColumnSpecsBase","schema_type":"Iced"},"name":"last_ping","type":"string","format":"%s","description":"last_ping"},{"__meta":{"schema_version":-1,"schema_name":"ColumnSpecsBase","schema_type":"Iced"},"name":"num_cpus","type":"int","format":"%d","description":"num_cpus"},{"__meta":{"schema_version":-1,"schema_name":"ColumnSpecsBase","schema_type":"Iced"},"name":"sys_load","type":"double","format":"%.5f","description":"sys_load"},{"__meta":{"schema_version":-1,"schema_name":"ColumnSpecsBase","schema_type":"Iced"},"name":"mem_value_size","type":"long","format":"%d","description":"mem_value_size"},{"__meta":{"schema_version":-1,"schema_name":"ColumnSpecsBase","schema_type":"Iced"},"name":"free_mem","type":"long","format":"%d","description":"free_mem"},{"__meta":{"schema_version":-1,"schema_name":"ColumnSpecsBase","schema_type":"Iced"},"name":"pojo_mem","type":"long","format":"%d","description":"pojo_mem"},{"__meta":{"schema_version":-1,"schema_name":"ColumnSpecsBase","schema_type":"Iced"},"name":"swap_mem","type":"long","format":"%d","description":"swap_mem"},{"__meta":{"schema_version":-1,"schema_name":"ColumnSpecsBase","schema_type":"Iced"},"name":"free_disc","type":"long","format":"%d","description":"free_disc"},{"__meta":{"schema_version":-1,"schema_name":"ColumnSpecsBase","schema_type":"Iced"},"name":"max_disc","type":"long","format":"%d","description":"max_disc"},{"__meta":{"schema_version":-1,"schema_name":"ColumnSpecsBase","schema_type":"Iced"},"name":"pid","type":"int","format":"%d","description":"pid"},{"__meta":{"schema_version":-1,"schema_name":"ColumnSpecsBase","schema_type":"Iced"},"name":"num_keys","type":"int","format":"%d","description":"num_keys"},{"__meta":{"schema_version":-1,"schema_name":"ColumnSpecsBase","schema_type":"Iced"},"name":"tcps_active","type":"string","format":"%s","description":"tcps_active"},{"__meta":{"schema_version":-1,"schema_name":"ColumnSpecsBase","schema_type":"Iced"},"name":"open_fds","type":"int","format":"%d","description":"open_fds"},{"__meta":{"schema_version":-1,"schema_name":"ColumnSpecsBase","schema_type":"Iced"},"name":"rpcs_active","type":"string","format":"%s","description":"rpcs_active"},{"__meta":{"schema_version":-1,"schema_name":"ColumnSpecsBase","schema_type":"Iced"},"name":"nthreads","type":"int","format":"%d","description":"nthreads"},{"__meta":{"schema_version":-1,"schema_name":"ColumnSpecsBase","schema_type":"Iced"},"name":"is_leader","type":"string","format":"%s","description":"is_leader"},{"__meta":{"schema_version":-1,"schema_name":"ColumnSpecsBase","schema_type":"Iced"},"name":"total_mem","type":"long","format":"%d","description":"total_mem"},{"__meta":{"schema_version":-1,"schema_name":"ColumnSpecsBase","schema_type":"Iced"},"name":"max_mem","type":"long","format":"%d","description":"max_mem"},{"__meta":{"schema_version":-1,"schema_name":"ColumnSpecsBase","schema_type":"Iced"},"name":"java_version","type":"string","format":"%s","description":"java_version"},{"__meta":{"schema_version":-1,"schema_name":"ColumnSpecsBase","schema_type":"Iced"},"name":"jvm_launch_parameters","type":"string","format":"%s","description":"jvm_launch_parameters"},{"__meta":{"schema_version":-1,"schema_name":"ColumnSpecsBase","schema_type":"Iced"},"name":"os_version","type":"string","format":"%s","description":"os_version"},{"__meta":{"schema_version":-1,"schema_name":"ColumnSpecsBase","schema_type":"Iced"},"name":"machine_physical_mem","type":"long","format":"%d","description":"machine_physical_mem"},{"__meta":{"schema_version":-1,"schema_name":"ColumnSpecsBase","schema_type":"Iced"},"name":"machine_locale","type":"string","format":"%s","description":"machine_locale"}],"rowcount":1,"data":[[""],[0],["127.0.0.1:54321"],["true"],["1653387704855"],[16],[18.66],[187492744],[8068293824],[105558456],[0],[816263987200],[982221062144],[237028],[10975],["\u0000"],[53],["\u0000"],[16],["true"],[1145044992],[8361345024],["Java 11.0.15 (from Private Build)"],["[-ea]"],["Linux 5.13.0-41-generic (amd64)"],[33438793728],["en_US"]]},{"__meta":{"schema_version":3,"schema_name":"TwoDimTableV3","schema_type":"TwoDimTable"},"name":"Cluster Configuration","description":"","columns":[{"__meta":{"schema_version":-1,"schema_name":"ColumnSpecsBase","schema_type":"Iced"},"name":"","type":"string","format":"%s","description":""},{"__meta":{"schema_version":-1,"schema_name":"ColumnSpecsBase","schema_type":"Iced"},"name":"h2o_cluster_uptime","type":"long","format":"%d","description":"H2O cluster uptime"},{"__meta":{"schema_version":-1,"schema_name":"ColumnSpecsBase","schema_type":"Iced"},"name":"h2o_cluster_timezone","type":"string","format":"%s","description":"H2O cluster timezone"},{"__meta":{"schema_version":-1,"schema_name":"ColumnSpecsBase","schema_type":"Iced"},"name":"h2o_data_parsing_timezone","type":"string","format":"%s","description":"H2O data parsing timezone"},{"__meta":{"schema_version":-1,"schema_name":"ColumnSpecsBase","schema_type":"Iced"},"name":"h2o_cluster_version","type":"string","format":"%s","description":"H2O cluster version"},{"__meta":{"schema_version":-1,"schema_name":"ColumnSpecsBase","schema_type":"Iced"},"name":"h2o_cluster_version_age","type":"string","format":"%s","description":"H2O cluster version age"},{"__meta":{"schema_version":-1,"schema_name":"ColumnSpecsBase","schema_type":"Iced"},"name":"h2o_cluster_name","type":"string","format":"%s","description":"H2O cluster name"},{"__meta":{"schema_version":-1,"schema_name":"ColumnSpecsBase","schema_type":"Iced"},"name":"h2o_cluster_total_nodes","type":"int","format":"%d","description":"H2O cluster total nodes"},{"__meta":{"schema_version":-1,"schema_name":"ColumnSpecsBase","schema_type":"Iced"},"name":"h2o_cluster_free_memory","type":"long","format":"%d","description":"H2O cluster free memory"},{"__meta":{"schema_version":-1,"schema_name":"ColumnSpecsBase","schema_type":"Iced"},"name":"h2o_cluster_total_cores","type":"int","format":"%d","description":"H2O cluster total cores"},{"__meta":{"schema_version":-1,"schema_name":"ColumnSpecsBase","schema_type":"Iced"},"name":"h2o_cluster_allowed_cores","type":"int","format":"%d","description":"H2O cluster allowed cores"},{"__meta":{"schema_version":-1,"schema_name":"ColumnSpecsBase","schema_type":"Iced"},"name":"h2o_cluster_status","type":"string","format":"%s","description":"H2O cluster status"},{"__meta":{"schema_version":-1,"schema_name":"ColumnSpecsBase","schema_type":"Iced"},"name":"h2o_internal_security","type":"string","format":"%s","description":"H2O internal security"},{"__meta":{"schema_version":-1,"schema_name":"ColumnSpecsBase","schema_type":"Iced"},"name":"h2o_api_extensions","type":"string","format":"%s","description":"H2O API Extensions"}],"rowcount":1,"data":[[""],[453754],["Europe/Madrid"],["UTC"],["3.36.0.2"],["3 months and 28 days"],["H2O_from_python_elizagonzalez_qs46l1"],[1],[8068293824],[16],[16],["locked, healthly"],["false"],["Amazon S3, XGBoost, Algos, Infogram, AutoML, Core V3, TargetEncoder, Core V4"]]},{"__meta":{"schema_version":3,"schema_name":"TwoDimTableV3","schema_type":"TwoDimTable"},"name":"Input Frames Information","description":"","columns":[{"__meta":{"schema_version":-1,"schema_name":"ColumnSpecsBase","schema_type":"Iced"},"name":"","type":"string","format":"%s","description":""},{"__meta":{"schema_version":-1,"schema_name":"ColumnSpecsBase","schema_type":"Iced"},"name":"input_frame","type":"string","format":"%s","description":"Input Frame"},{"__meta":{"schema_version":-1,"schema_name":"ColumnSpecsBase","schema_type":"Iced"},"name":"checksum","type":"long","format":"%d","description":"Checksum"},{"__meta":{"schema_version":-1,"schema_name":"ColumnSpecsBase","schema_type":"Iced"},"name":"espc","type":"string","format":"%d","description":"ESPC"}],"rowcount":2,"data":[["",""],["training_frame","validation_frame"],[-616385220540318670,-1],["[0, 2688, 5380, 8068, 10765, 13441, 16117, 18810, 21509, 24181, 26817, 29454, 32092, 34734, 37382, 40070, 42758, 45406, 48074, 50778, 53492, 56163, 58850, 61514, 64219, 66898, 69546, 72221, 74928, 77607, 80282, 82979, 85688, 88395, 91104, 93780, 96442, 99084, 101729, 104394, 107046, 109714, 112375, 115027, 117636, 120325, 122959, 125627, 128370, 131098, 133767, 136416, 139104, 141758, 144430, 147083, 149784, 152472, 155176, 157839, 160523, 163196, 165880, 168550, 171181]","-1"]]}],"training_metrics":{"__meta":{"schema_version":99,"schema_name":"ModelMetricsGLRMV99","schema_type":"ModelMetricsGLRM"},"model":{"__meta":{"schema_version":3,"schema_name":"ModelKeyV3","schema_type":"Key<Model>"},"name":"glrm_h2o","type":"Key<Model>","URL":"/3/Models/glrm_h2o"},"model_checksum":3304463469118535168,"frame":{"__meta":{"schema_version":3,"schema_name":"FrameKeyV3","schema_type":"Key<Frame>"},"name":"py_3_sid_bed7","type":"Key<Frame>","URL":"/3/Frames/py_3_sid_bed7"},"frame_checksum":-616385220540318670,"description":null,"model_category":"DimReduction","scoring_time":1653387733630,"predictions":null,"MSE":"NaN","RMSE":"NaN","nobs":0,"custom_metric_name":null,"custom_metric_value":0.0,"numerr":4207566.044934225,"caterr":0.0,"numcnt":5306611,"catcnt":0},"validation_metrics":null,"cross_validation_metrics":null,"cross_validation_metrics_summary":null,"status":null,"start_time":1653387705104,"end_time":1653387733634,"run_time":28530,"default_threshold":0.5,"help":{"domains":"Domains for categorical columns", "__meta":"Metadata on this schema instance, to make it self-describing.", "help":"Help information for output fields", "avg_change_obj":"Average change in objective value on final iteration", "training_metrics":"Training data model metrics", "cross_validation_models":"Cross-validation models (model ids)", "cross_validation_predictions":"Cross-validation predictions, one per cv model (deprecated, use cross_validation_holdout_predictions_frame_id instead)", "cross_validation_metrics_summary":"Cross-validation model metrics summary", "objective":"Current value of the objective function", "status":"Job status", "iterations":"Number of iterations executed", "reproducibility_information_table":"Model reproducibility information", "representation_name":"Frame key name for X matrix", "model_summary":"Model summary", "importance":"Standard deviation and importance of each principal component", "end_time":"End time in milliseconds", "step_size":"Final step size", "names":"Column names", "cross_validation_fold_assignment_frame_id":"Cross-validation fold assignment (each row is assigned to one holdout fold)", "run_time":"Runtime in milliseconds", "default_threshold":"Default threshold used for predictions", "singular_vals":"Singular values of XY matrix", "scoring_history":"Scoring history", "archetypes":"Mapping from lower dimensional k-space to training features (Y)", "cross_validation_holdout_predictions_frame_id":"Cross-validation holdout predictions (full out-of-sample predictions on training data)", "eigenvectors":"Eigenvectors of XY matrix", "updates":"Number of updates executed", "model_category":"Category of the model (e.g., Binomial)", "column_types":"Column types", "original_names":"Original column names", "start_time":"Start time in milliseconds", "cv_scoring_history":"Cross-Validation scoring history", "cross_validation_metrics":"Cross-validation model metrics", "validation_metrics":"Validation data model metrics"},"iterations":198,"updates":396,"objective":4207566.045671819,"avg_change_obj":-3.5100465235363153E-16,"step_size":4.526366141281695E-5,"archetypes":{"__meta":{"schema_version":3,"schema_name":"TwoDimTableV3","schema_type":"TwoDimTable"},"name":"Archetypes","description":"","columns":[{"__meta":{"schema_version":-1,"schema_name":"ColumnSpecsBase","schema_type":"Iced"},"name":"","type":"string","format":"%s","description":""},{"__meta":{"schema_version":-1,"schema_name":"ColumnSpecsBase","schema_type":"Iced"},"name":"time","type":"double","format":"%5f","description":"Time"},{"__meta":{"schema_version":-1,"schema_name":"ColumnSpecsBase","schema_type":"Iced"},"name":"v1","type":"double","format":"%5f","description":"V1"},{"__meta":{"schema_version":-1,"schema_name":"ColumnSpecsBase","schema_type":"Iced"},"name":"v2","type":"double","format":"%5f","description":"V2"},{"__meta":{"schema_version":-1,"schema_name":"ColumnSpecsBase","schema_type":"Iced"},"name":"v3","type":"double","format":"%5f","description":"V3"},{"__meta":{"schema_version":-1,"schema_name":"ColumnSpecsBase","schema_type":"Iced"},"name":"v4","type":"double","format":"%5f","description":"V4"},{"__meta":{"schema_version":-1,"schema_name":"ColumnSpecsBase","schema_type":"Iced"},"name":"v5","type":"double","format":"%5f","description":"V5"},{"__meta":{"schema_version":-1,"schema_name":"ColumnSpecsBase","schema_type":"Iced"},"name":"v6","type":"double","format":"%5f","description":"V6"},{"__meta":{"schema_version":-1,"schema_name":"ColumnSpecsBase","schema_type":"Iced"},"name":"v7","type":"double","format":"%5f","description":"V7"},{"__meta":{"schema_version":-1,"schema_name":"ColumnSpecsBase","schema_type":"Iced"},"name":"v8","type":"double","format":"%5f","description":"V8"},{"__meta":{"schema_version":-1,"schema_name":"ColumnSpecsBase","schema_type":"Iced"},"name":"v9","type":"double","format":"%5f","description":"V9"},{"__meta":{"schema_version":-1,"schema_name":"ColumnSpecsBase","schema_type":"Iced"},"name":"v10","type":"double","format":"%5f","description":"V10"},{"__meta":{"schema_version":-1,"schema_name":"ColumnSpecsBase","schema_type":"Iced"},"name":"v11","type":"double","format":"%5f","description":"V11"},{"__meta":{"schema_version":-1,"schema_name":"ColumnSpecsBase","schema_type":"Iced"},"name":"v12","type":"double","format":"%5f","description":"V12"},{"__meta":{"schema_version":-1,"schema_name":"ColumnSpecsBase","schema_type":"Iced"},"name":"v13","type":"double","format":"%5f","description":"V13"},{"__meta":{"schema_version":-1,"schema_name":"ColumnSpecsBase","schema_type":"Iced"},"name":"v14","type":"double","format":"%5f","description":"V14"},{"__meta":{"schema_version":-1,"schema_name":"ColumnSpecsBase","schema_type":"Iced"},"name":"v15","type":"double","format":"%5f","description":"V15"},{"__meta":{"schema_version":-1,"schema_name":"ColumnSpecsBase","schema_type":"Iced"},"name":"v16","type":"double","format":"%5f","description":"V16"},{"__meta":{"schema_version":-1,"schema_name":"ColumnSpecsBase","schema_type":"Iced"},"name":"v17","type":"double","format":"%5f","description":"V17"},{"__meta":{"schema_version":-1,"schema_name":"ColumnSpecsBase","schema_type":"Iced"},"name":"v18","type":"double","format":"%5f","description":"V18"},{"__meta":{"schema_version":-1,"schema_name":"ColumnSpecsBase","schema_type":"Iced"},"name":"v19","type":"double","format":"%5f","description":"V19"},{"__meta":{"schema_version":-1,"schema_name":"ColumnSpecsBase","schema_type":"Iced"},"name":"v20","type":"double","format":"%5f","description":"V20"},{"__meta":{"schema_version":-1,"schema_name":"ColumnSpecsBase","schema_type":"Iced"},"name":"v21","type":"double","format":"%5f","description":"V21"},{"__meta":{"schema_version":-1,"schema_name":"ColumnSpecsBase","schema_type":"Iced"},"name":"v22","type":"double","format":"%5f","description":"V22"},{"__meta":{"schema_version":-1,"schema_name":"ColumnSpecsBase","schema_type":"Iced"},"name":"v23","type":"double","format":"%5f","description":"V23"},{"__meta":{"schema_version":-1,"schema_name":"ColumnSpecsBase","schema_type":"Iced"},"name":"v24","type":"double","format":"%5f","description":"V24"},{"__meta":{"schema_version":-1,"schema_name":"ColumnSpecsBase","schema_type":"Iced"},"name":"v25","type":"double","format":"%5f","description":"V25"},{"__meta":{"schema_version":-1,"schema_name":"ColumnSpecsBase","schema_type":"Iced"},"name":"v26","type":"double","format":"%5f","description":"V26"},{"__meta":{"schema_version":-1,"schema_name":"ColumnSpecsBase","schema_type":"Iced"},"name":"v27","type":"double","format":"%5f","description":"V27"},{"__meta":{"schema_version":-1,"schema_name":"ColumnSpecsBase","schema_type":"Iced"},"name":"v28","type":"double","format":"%5f","description":"V28"},{"__meta":{"schema_version":-1,"schema_name":"ColumnSpecsBase","schema_type":"Iced"},"name":"amount","type":"double","format":"%5f","description":"Amount"},{"__meta":{"schema_version":-1,"schema_name":"ColumnSpecsBase","schema_type":"Iced"},"name":"class","type":"double","format":"%5f","description":"Class"}],"rowcount":4,"data":[["Arch1","Arch2","Arch3","Arch4"],[2.721966480832062,-1.2249288710403785,-16.03149720152853,-0.17962468164226703],[4.18588802646645,-2.7025313466528464,-1.8675680797810494,0.5976752288761731],[9.36730622509512,2.161929797119237,1.8150857812453947,-1.070096270443726],[1.7953841669571347,-4.071544415754012,10.82837302385786,1.2073352886145543],[-1.9342475458301378,3.0701846969309954,1.9974364444457755,0.1938082989692767],[6.949440578247816,-2.7406152215329245,-3.0816720980317425,2.9134675096631284],[-3.51565141275588,-0.9905483339835085,1.0377708666682834,-5.380894546530052],[-6.095939045109036,-4.8722464736836155,-2.8392318977750577,9.895696304911022],[1.3563358670522794,0.6350341620365966,1.0547928666277517,9.776124455600323],[0.6994837199307979,-2.1615639345825666,0.5039992658080042,1.2178557491684965],[1.735981790218581,-4.981498011172424,-0.016091126352048755,1.5350400241313715],[-0.6420210611411797,3.77672530694803,5.540348859711206,2.1096337489672568],[0.4291946978412457,-6.055177413918816,-2.3430682320386764,-2.4338407614728323],[-0.17426181369676397,0.04068149118909334,1.5444124250042386,1.1030572672164831],[-1.0968592858309874,-6.393345046884646,2.8660069736740774,-3.350448875663521],[-0.4506739387497883,0.13737495773892694,4.274483157589805,0.6164929432694428],[0.4814336533721173,-4.4063132644771565,0.18058945171359722,-1.6520395147475904],[-0.6403535836088297,-7.2524063255595115,2.2710206139592954,-0.07021783048799647],[-0.4657413236264924,-2.6454232744517334,-1.9699160995316893,-0.7957076221837618],[1.2255880601222005,0.7206389685852368,-0.662970158627165,1.4568731458759068],[-7.207920179528603,0.57246018682208,0.07623740548585858,-5.833742261846129],[-2.0420121437114522,0.33250584480213635,-1.4248074311303767,9.539427346438979],[1.6145926296590976,-0.044126557583597376,-3.1881047635116486,-4.325348391753175],[2.0157913608706024,-0.3682058088271488,-0.9258949652135682,-3.656850518025693],[-0.11569117714869846,-0.10452014238091793,0.4430179097433244,1.081969574050911],[-0.03377123106120569,0.3281238545851042,5.696907214362866,0.5131577855914862],[-0.14907417009660726,0.14474080487025082,0.9561357442720838,0.6838256092712982],[0.341561597663761,0.19582249500596285,0.1989767571822369,-1.2575547998045564],[-0.8847454533272322,0.031673803847655495,0.08173466363062559,-1.1939643432023475],[-16.8137918319101,0.0752134100632063,-2.6081889797033524,0.006254092702383675],[0.17530201022438321,16.428955878802995,-1.0287554300871486,0.3788823482879596]]},"singular_vals":[575.27660425247,545.7415817515056,536.7364769139934,426.7913579551971],"eigenvectors":{"__meta":{"schema_version":3,"schema_name":"TwoDimTableV3","schema_type":"TwoDimTable"},"name":"Eigenvectors","description":"","columns":[{"__meta":{"schema_version":-1,"schema_name":"ColumnSpecsBase","schema_type":"Iced"},"name":"","type":"string","format":"%s","description":""},{"__meta":{"schema_version":-1,"schema_name":"ColumnSpecsBase","schema_type":"Iced"},"name":"vec1","type":"double","format":"%5f","description":"Vec1"},{"__meta":{"schema_version":-1,"schema_name":"ColumnSpecsBase","schema_type":"Iced"},"name":"vec2","type":"double","format":"%5f","description":"Vec2"},{"__meta":{"schema_version":-1,"schema_name":"ColumnSpecsBase","schema_type":"Iced"},"name":"vec3","type":"double","format":"%5f","description":"Vec3"},{"__meta":{"schema_version":-1,"schema_name":"ColumnSpecsBase","schema_type":"Iced"},"name":"vec4","type":"double","format":"%5f","description":"Vec4"}],"rowcount":31,"data":[["Time","V1","V2","V3","V4","V5","V6","V7","V8","V9","V10","V11","V12","V13","V14","V15","V16","V17","V18","V19","V20","V21","V22","V23","V24","V25","V26","V27","V28","Amount","Class"],[-0.03791312358164137,-0.16545498556997665,-0.3966008136095688,-0.12617787072212122,0.0714452104196844,-0.274598414553468,0.14122412501832582,0.2644464028379346,-0.06189789072933658,-0.03190086519535674,-0.0730301020145096,0.001193012200879775,-0.007781448785623079,-1.0100528943596826E-4,0.031091834272842612,-0.0013862189336539062,-0.021535809521115196,0.014509669253425585,0.028117828922234096,-0.04771152263291934,0.2992447727705751,0.09067433135346635,-0.05167150875173997,-0.07904773227165489,0.0026110960103924836,-0.02531003803636693,0.001669237560280429,-0.014961394508132666,0.03642346878097573,0.7097506695131093,7.039480196565541E-4],[0.22903343366748968,0.13678565342099466,-0.10012491221402485,0.05218340764348555,-0.15107232054776557,0.15473158052649394,0.02549856302424323,0.22804766357348966,-0.03533903371498668,0.08493708835753183,0.20861214796449767,-0.21761317405948635,0.27680105852169806,-0.01864113782331428,0.2321325654561133,-0.05287716847347485,0.18096708045316842,0.27510825279953355,0.13066048431147378,-0.021199188149816608,-0.03255946334550771,8.778663544328333E-4,0.03785737624105857,0.027009245068907346,-5.067451803505475E-4,-0.07594735710658641,-0.016538081482382144,-0.010098763731030025,-0.0032458152563529757,0.00840191904432527,-0.6695337734189637],[-0.6659823226936412,-0.0671620573779269,0.008282229785104157,0.48716303528020394,0.05825938553591089,-0.12960631375529305,0.06937639694911261,-0.034640539740619494,0.03230401135131884,0.041735611427233,0.046407594813587895,0.1922223846787739,-0.03322008476675018,0.06478949626645682,0.19407299208708564,0.17848147790823649,0.05350273640399431,0.17723377035429866,-0.05081386110700104,-0.04091691099964299,0.02914327526616344,-0.05186396121702234,-0.1403269007955565,-0.044395393801643,0.020298514663908297,0.2336088554475735,0.03898521625001411,0.004329052427910381,0.0069306547324948535,-0.031703036883753484,-0.22435781126706664],[-0.0066646944052308555,0.02839589846236694,-0.0522578212748601,0.055872046287564266,0.0097146339318451,0.1402264340388819,-0.2599652358364468,0.4779909134827382,0.47202906970698655,0.05833181054279818,0.07318130018484788,0.10174171065414155,-0.11824988112308815,0.05306355878178847,-0.1632530153471052,0.029188416170947556,-0.08059514579244137,-0.004908759727093254,-0.03854814210425442,0.0704996002344666,-0.28116766010244615,0.46115974479915306,-0.20855257386543571,-0.17668795677409646,0.052182033463706916,0.023986121783566745,0.0329192778484848,-0.06075979209469808,-0.05761147090305889,0.001899465153089394,0.02120845542760773]]},"representation_name":"GLRMLoading__b9cc119e5c54ddf3f096800cbdef45ee","importance":{"__meta":{"schema_version":3,"schema_name":"TwoDimTableV3","schema_type":"TwoDimTable"},"name":"Importance of components","description":"","columns":[{"__meta":{"schema_version":-1,"schema_name":"ColumnSpecsBase","schema_type":"Iced"},"name":"","type":"string","format":"%s","description":""},{"__meta":{"schema_version":-1,"schema_name":"ColumnSpecsBase","schema_type":"Iced"},"name":"pc1","type":"double","format":"%5f","description":"pc1"},{"__meta":{"schema_version":-1,"schema_name":"ColumnSpecsBase","schema_type":"Iced"},"name":"pc2","type":"double","format":"%5f","description":"pc2"},{"__meta":{"schema_version":-1,"schema_name":"ColumnSpecsBase","schema_type":"Iced"},"name":"pc3","type":"double","format":"%5f","description":"pc3"},{"__meta":{"schema_version":-1,"schema_name":"ColumnSpecsBase","schema_type":"Iced"},"name":"pc4","type":"double","format":"%5f","description":"pc4"}],"rowcount":3,"data":[["Standard deviation","Proportion of Variance","Cumulative Proportion"],[1.390433430840996,0.06236468147097633,0.06236468147097633],[1.3190478011066793,0.05612539037433448,0.11849007184531081],[1.2972826211536808,0.05428845803701184,0.17277852988232265],[1.0315472030468626,0.0343254720036712,0.20710400188599384]]}},"compatible_frames":null}
