{"__meta":{"schema_version":3,"schema_name":"KMeansModelV3","schema_type":"KMeansModel"},"model_id":{"__meta":{"schema_version":3,"schema_name":"ModelKeyV3","schema_type":"Key<Model>"},"name":"clustering_h2o","type":"Key<Model>","URL":"/3/Models/clustering_h2o"},"algo":"kmeans","algo_full_name":"K-means","response_column_name":null,"treatment_column_name":null,"data_frame":{"__meta":{"schema_version":3,"schema_name":"FrameKeyV3","schema_type":"Key<Frame>"},"name":"py_3_sid_bb4e","type":"Key<Frame>","URL":"/3/Frames/py_3_sid_bb4e"},"timestamp":1653386929702,"have_pojo":true,"have_mojo":true,"algo":"kmeans","algo_full_name":"K-means","model_id":{"__meta":{"schema_version":3,"schema_name":"ModelKeyV3","schema_type":"Key<Model>"},"name":"clustering_h2o","type":"Key<Model>","URL":"/3/Models/clustering_h2o"},"parameters":[{"__meta":{"schema_version":3,"schema_name":"ModelParameterSchemaV3","schema_type":"Iced"},"name":"model_id","label":"model_id","help":"Destination id for this model; auto-generated if not specified.","required":false,"type":"Key<Model>","default_value":null,"actual_value":{"__meta":{"schema_version":3,"schema_name":"ModelKeyV3","schema_type":"Key<Model>"},"name":"clustering_h2o","type":"Key<Model>","URL":"/3/Models/clustering_h2o"},"input_value":null,"level":"critical","values":[],"is_member_of_frames":[],"is_mutually_exclusive_with":[],"gridable":false},{"__meta":{"schema_version":3,"schema_name":"ModelParameterSchemaV3","schema_type":"Iced"},"name":"training_frame","label":"training_frame","help":"Id of the training data frame.","required":false,"type":"Key<Frame>","default_value":null,"actual_value":{"__meta":{"schema_version":3,"schema_name":"FrameKeyV3","schema_type":"Key<Frame>"},"name":"py_3_sid_bb4e","type":"Key<Frame>","URL":"/3/Frames/py_3_sid_bb4e"},"input_value":{"__meta":{"schema_version":3,"schema_name":"FrameKeyV3","schema_type":"Key<Frame>"},"name":"py_3_sid_bb4e","type":"Key<Frame>","URL":"/3/Frames/py_3_sid_bb4e"},"level":"critical","values":[],"is_member_of_frames":[],"is_mutually_exclusive_with":[],"gridable":false},{"__meta":{"schema_version":3,"schema_name":"ModelParameterSchemaV3","schema_type":"Iced"},"name":"validation_frame","label":"validation_frame","help":"Id of the validation data frame.","required":false,"type":"Key<Frame>","default_value":null,"actual_value":{"__meta":{"schema_version":3,"schema_name":"FrameKeyV3","schema_type":"Key<Frame>"},"name":"py_4_sid_bb4e","type":"Key<Frame>","URL":"/3/Frames/py_4_sid_bb4e"},"input_value":{"__meta":{"schema_version":3,"schema_name":"FrameKeyV3","schema_type":"Key<Frame>"},"name":"py_4_sid_bb4e","type":"Key<Frame>","URL":"/3/Frames/py_4_sid_bb4e"},"level":"critical","values":[],"is_member_of_frames":[],"is_mutually_exclusive_with":[],"gridable":true},{"__meta":{"schema_version":3,"schema_name":"ModelParameterSchemaV3","schema_type":"Iced"},"name":"nfolds","label":"nfolds","help":"Number of folds for K-fold cross-validation (0 to disable or >= 2).","required":false,"type":"int","default_value":0,"actual_value":0,"input_value":0,"level":"critical","values":[],"is_member_of_frames":[],"is_mutually_exclusive_with":[],"gridable":false},{"__meta":{"schema_version":3,"schema_name":"ModelParameterSchemaV3","schema_type":"Iced"},"name":"keep_cross_validation_models","label":"keep_cross_validation_models","help":"Whether to keep the cross-validation models.","required":false,"type":"boolean","default_value":true,"actual_value":true,"input_value":true,"level":"expert","values":[],"is_member_of_frames":[],"is_mutually_exclusive_with":[],"gridable":false},{"__meta":{"schema_version":3,"schema_name":"ModelParameterSchemaV3","schema_type":"Iced"},"name":"keep_cross_validation_predictions","label":"keep_cross_validation_predictions","help":"Whether to keep the predictions of the cross-validation models.","required":false,"type":"boolean","default_value":false,"actual_value":false,"input_value":false,"level":"expert","values":[],"is_member_of_frames":[],"is_mutually_exclusive_with":[],"gridable":false},{"__meta":{"schema_version":3,"schema_name":"ModelParameterSchemaV3","schema_type":"Iced"},"name":"keep_cross_validation_fold_assignment","label":"keep_cross_validation_fold_assignment","help":"Whether to keep the cross-validation fold assignment.","required":false,"type":"boolean","default_value":false,"actual_value":false,"input_value":false,"level":"expert","values":[],"is_member_of_frames":[],"is_mutually_exclusive_with":[],"gridable":false},{"__meta":{"schema_version":3,"schema_name":"ModelParameterSchemaV3","schema_type":"Iced"},"name":"fold_assignment","label":"fold_assignment","help":"Cross-validation fold assignment scheme, if fold_column is not specified. The 'Stratified' option will stratify the folds based on the response variable, for classification problems.","required":false,"type":"enum","default_value":"AUTO","actual_value":null,"input_value":"AUTO","level":"secondary","values":["AUTO","Random","Modulo","Stratified"],"is_member_of_frames":[],"is_mutually_exclusive_with":[],"gridable":true},{"__meta":{"schema_version":3,"schema_name":"ModelParameterSchemaV3","schema_type":"Iced"},"name":"fold_column","label":"fold_column","help":"Column with cross-validation fold index assignment per observation.","required":false,"type":"VecSpecifier","default_value":null,"actual_value":null,"input_value":null,"level":"secondary","values":[],"is_member_of_frames":["training_frame"],"is_mutually_exclusive_with":["response_column","weights_column","ignored_columns","offset_column"],"gridable":true},{"__meta":{"schema_version":3,"schema_name":"ModelParameterSchemaV3","schema_type":"Iced"},"name":"ignored_columns","label":"ignored_columns","help":"Names of columns to ignore for training.","required":false,"type":"string[]","default_value":null,"actual_value":["num_outbound_cmds","num_failed_logins","num_compromised","protocol_type","level","is_host_login","su_attempted","num_access_files","attack","hot","num_shells","srv_count","urgent","count","flag","num_root","service","num_file_creations","wrong_fragment","land","is_guest_login"],"input_value":["num_outbound_cmds","num_failed_logins","num_compromised","protocol_type","level","is_host_login","su_attempted","num_access_files","attack","hot","num_shells","srv_count","urgent","count","flag","num_root","service","num_file_creations","wrong_fragment","land","is_guest_login"],"level":"critical","values":[],"is_member_of_frames":["training_frame","validation_frame"],"is_mutually_exclusive_with":["response_column","weights_column","offset_column","fold_column"],"gridable":false},{"__meta":{"schema_version":3,"schema_name":"ModelParameterSchemaV3","schema_type":"Iced"},"name":"ignore_const_cols","label":"ignore_const_cols","help":"Ignore constant columns.","required":false,"type":"boolean","default_value":true,"actual_value":true,"input_value":true,"level":"critical","values":[],"is_member_of_frames":[],"is_mutually_exclusive_with":[],"gridable":false},{"__meta":{"schema_version":3,"schema_name":"ModelParameterSchemaV3","schema_type":"Iced"},"name":"score_each_iteration","label":"score_each_iteration","help":"Whether to score during each iteration of model training.","required":false,"type":"boolean","default_value":false,"actual_value":false,"input_value":false,"level":"secondary","values":[],"is_member_of_frames":[],"is_mutually_exclusive_with":[],"gridable":false},{"__meta":{"schema_version":3,"schema_name":"ModelParameterSchemaV3","schema_type":"Iced"},"name":"k","label":"k","help":"The max. number of clusters. If estimate_k is disabled, the model will find k centroids, otherwise it will find up to k centroids.","required":false,"type":"int","default_value":1,"actual_value":20,"input_value":20,"level":"critical","values":[],"is_member_of_frames":[],"is_mutually_exclusive_with":[],"gridable":true},{"__meta":{"schema_version":3,"schema_name":"ModelParameterSchemaV3","schema_type":"Iced"},"name":"estimate_k","label":"estimate_k","help":"Whether to estimate the number of clusters (<=k) iteratively and deterministically.","required":false,"type":"boolean","default_value":false,"actual_value":false,"input_value":false,"level":"critical","values":[],"is_member_of_frames":[],"is_mutually_exclusive_with":[],"gridable":true},{"__meta":{"schema_version":3,"schema_name":"ModelParameterSchemaV3","schema_type":"Iced"},"name":"user_points","label":"user_points","help":"This option allows you to specify a dataframe, where each row represents an initial cluster center. The user-specified points must have the same number of columns as the training observations. The number of rows must equal the number of clusters","required":false,"type":"Key<Frame>","default_value":null,"actual_value":null,"input_value":null,"level":"expert","values":[],"is_member_of_frames":[],"is_mutually_exclusive_with":[],"gridable":false},{"__meta":{"schema_version":3,"schema_name":"ModelParameterSchemaV3","schema_type":"Iced"},"name":"max_iterations","label":"max_iterations","help":"Maximum training iterations (if estimate_k is enabled, then this is for each inner Lloyds iteration)","required":false,"type":"int","default_value":10,"actual_value":10,"input_value":10,"level":"critical","values":[],"is_member_of_frames":[],"is_mutually_exclusive_with":[],"gridable":true},{"__meta":{"schema_version":3,"schema_name":"ModelParameterSchemaV3","schema_type":"Iced"},"name":"standardize","label":"standardize","help":"Standardize columns before computing distances","required":false,"type":"boolean","default_value":true,"actual_value":true,"input_value":true,"level":"critical","values":[],"is_member_of_frames":[],"is_mutually_exclusive_with":[],"gridable":true},{"__meta":{"schema_version":3,"schema_name":"ModelParameterSchemaV3","schema_type":"Iced"},"name":"seed","label":"seed","help":"RNG Seed","required":false,"type":"long","default_value":-1,"actual_value":2,"input_value":2,"level":"secondary","values":[],"is_member_of_frames":[],"is_mutually_exclusive_with":[],"gridable":true},{"__meta":{"schema_version":3,"schema_name":"ModelParameterSchemaV3","schema_type":"Iced"},"name":"init","label":"init","help":"Initialization mode","required":false,"type":"enum","default_value":"Furthest","actual_value":"Random","input_value":"Random","level":"critical","values":["Random","PlusPlus","Furthest","User"],"is_member_of_frames":[],"is_mutually_exclusive_with":[],"gridable":true},{"__meta":{"schema_version":3,"schema_name":"ModelParameterSchemaV3","schema_type":"Iced"},"name":"max_runtime_secs","label":"max_runtime_secs","help":"Maximum allowed runtime in seconds for model training. Use 0 to disable.","required":false,"type":"double","default_value":0.0,"actual_value":0.0,"input_value":0.0,"level":"secondary","values":[],"is_member_of_frames":[],"is_mutually_exclusive_with":[],"gridable":true},{"__meta":{"schema_version":3,"schema_name":"ModelParameterSchemaV3","schema_type":"Iced"},"name":"categorical_encoding","label":"categorical_encoding","help":"Encoding scheme for categorical features","required":false,"type":"enum","default_value":"AUTO","actual_value":"Enum","input_value":"AUTO","level":"secondary","values":["AUTO","Enum","OneHotInternal","OneHotExplicit","Binary","Eigen","LabelEncoder","SortByResponse","EnumLimited"],"is_member_of_frames":[],"is_mutually_exclusive_with":[],"gridable":true},{"__meta":{"schema_version":3,"schema_name":"ModelParameterSchemaV3","schema_type":"Iced"},"name":"export_checkpoints_dir","label":"export_checkpoints_dir","help":"Automatically export generated models to this directory.","required":false,"type":"string","default_value":null,"actual_value":null,"input_value":null,"level":"secondary","values":[],"is_member_of_frames":[],"is_mutually_exclusive_with":[],"gridable":false},{"__meta":{"schema_version":3,"schema_name":"ModelParameterSchemaV3","schema_type":"Iced"},"name":"cluster_size_constraints","label":"cluster_size_constraints","help":"An array specifying the minimum number of points that should be in each cluster. The length of the constraints array has to be the same as the number of clusters.","required":false,"type":"int[]","default_value":null,"actual_value":null,"input_value":null,"level":"expert","values":[],"is_member_of_frames":[],"is_mutually_exclusive_with":[],"gridable":false}],"output":{"__meta":{"schema_version":3,"schema_name":"KMeansModelOutputV3","schema_type":"KMeansOutput"},"names":["duration","src_bytes","dst_bytes","logged_in","root_shell","serror_rate","srv_serror_rate","rerror_rate","srv_rerror_rate","same_srv_rate","diff_srv_rate","srv_diff_host_rate","dst_host_count","dst_host_srv_count","dst_host_same_srv_rate","dst_host_diff_srv_rate","dst_host_same_src_port_rate","dst_host_srv_diff_host_rate","dst_host_serror_rate","dst_host_srv_serror_rate","dst_host_rerror_rate","dst_host_srv_rerror_rate"],"original_names":null,"column_types":["Numeric","Numeric","Numeric","Numeric","Numeric","Numeric","Numeric","Numeric","Numeric","Numeric","Numeric","Numeric","Numeric","Numeric","Numeric","Numeric","Numeric","Numeric","Numeric","Numeric","Numeric","Numeric"],"domains":[null,null,null,null,null,null,null,null,null,null,null,null,null,null,null,null,null,null,null,null,null,null],"cross_validation_models":null,"cross_validation_predictions":null,"cross_validation_holdout_predictions_frame_id":null,"cross_validation_fold_assignment_frame_id":null,"model_category":"Clustering","model_summary":{"__meta":{"schema_version":3,"schema_name":"TwoDimTableV3","schema_type":"TwoDimTable"},"name":"Model Summary","description":"","columns":[{"__meta":{"schema_version":-1,"schema_name":"ColumnSpecsBase","schema_type":"Iced"},"name":"","type":"string","format":"%s","description":""},{"__meta":{"schema_version":-1,"schema_name":"ColumnSpecsBase","schema_type":"Iced"},"name":"number_of_rows","type":"long","format":"%d","description":"Number of Rows"},{"__meta":{"schema_version":-1,"schema_name":"ColumnSpecsBase","schema_type":"Iced"},"name":"number_of_clusters","type":"long","format":"%d","description":"Number of Clusters"},{"__meta":{"schema_version":-1,"schema_name":"ColumnSpecsBase","schema_type":"Iced"},"name":"number_of_categorical_columns","type":"long","format":"%d","description":"Number of Categorical Columns"},{"__meta":{"schema_version":-1,"schema_name":"ColumnSpecsBase","schema_type":"Iced"},"name":"number_of_iterations","type":"long","format":"%d","description":"Number of Iterations"},{"__meta":{"schema_version":-1,"schema_name":"ColumnSpecsBase","schema_type":"Iced"},"name":"within_cluster_sum_of_squares","type":"double","format":"%.5f","description":"Within Cluster Sum of Squares"},{"__meta":{"schema_version":-1,"schema_name":"ColumnSpecsBase","schema_type":"Iced"},"name":"total_sum_of_squares","type":"double","format":"%.5f","description":"Total Sum of Squares"},{"__meta":{"schema_version":-1,"schema_name":"ColumnSpecsBase","schema_type":"Iced"},"name":"between_cluster_sum_of_squares","type":"double","format":"%.5f","description":"Between Cluster Sum of Squares"}],"rowcount":1,"data":[[""],[24289],[20],[0],[10],[116124.57011389516],[534336.0],[418211.42988610483]]},"scoring_history":{"__meta":{"schema_version":3,"schema_name":"TwoDimTableV3","schema_type":"TwoDimTable"},"name":"Scoring History","description":"","columns":[{"__meta":{"schema_version":-1,"schema_name":"ColumnSpecsBase","schema_type":"Iced"},"name":"","type":"string","format":"%s","description":""},{"__meta":{"schema_version":-1,"schema_name":"ColumnSpecsBase","schema_type":"Iced"},"name":"timestamp","type":"string","format":"%s","description":"Timestamp"},{"__meta":{"schema_version":-1,"schema_name":"ColumnSpecsBase","schema_type":"Iced"},"name":"duration","type":"string","format":"%s","description":"Duration"},{"__meta":{"schema_version":-1,"schema_name":"ColumnSpecsBase","schema_type":"Iced"},"name":"iterations","type":"long","format":"%d","description":"Iterations"},{"__meta":{"schema_version":-1,"schema_name":"ColumnSpecsBase","schema_type":"Iced"},"name":"number_of_reassigned_observations","type":"long","format":"%d","description":"Number of Reassigned Observations"},{"__meta":{"schema_version":-1,"schema_name":"ColumnSpecsBase","schema_type":"Iced"},"name":"within_cluster_sum_of_squares","type":"double","format":"%.5f","description":"Within Cluster Sum Of Squares"}],"rowcount":11,"data":[["","","","","","","","","","",""],["2022-05-24 12:08:48","2022-05-24 12:08:49","2022-05-24 12:08:49","2022-05-24 12:08:49","2022-05-24 12:08:49","2022-05-24 12:08:49","2022-05-24 12:08:49","2022-05-24 12:08:49","2022-05-24 12:08:49","2022-05-24 12:08:49","2022-05-24 12:08:49"],[" 0.004 sec"," 0.635 sec"," 0.861 sec"," 0.896 sec"," 0.933 sec"," 0.971 sec"," 1.000 sec"," 1.030 sec"," 1.063 sec"," 1.091 sec"," 1.119 sec"],[0,1,2,3,4,5,6,7,8,9,10],["NaN",24289.0,8086.0,4636.0,2749.0,1313.0,796.0,715.0,681.0,512.0,453.0],["NaN",237300.99482695048,204199.1299603983,169332.84519795055,131440.95756078372,118599.58057336214,117520.15520095504,117342.4217587115,116468.9598505271,116222.61467625348,116124.57011389516]]},"cv_scoring_history":null,"reproducibility_information_table":[{"__meta":{"schema_version":3,"schema_name":"TwoDimTableV3","schema_type":"TwoDimTable"},"name":"Node Information","description":"","columns":[{"__meta":{"schema_version":-1,"schema_name":"ColumnSpecsBase","schema_type":"Iced"},"name":"","type":"string","format":"%s","description":""},{"__meta":{"schema_version":-1,"schema_name":"ColumnSpecsBase","schema_type":"Iced"},"name":"node","type":"int","format":"%d","description":"node"},{"__meta":{"schema_version":-1,"schema_name":"ColumnSpecsBase","schema_type":"Iced"},"name":"h2o","type":"string","format":"%s","description":"h2o"},{"__meta":{"schema_version":-1,"schema_name":"ColumnSpecsBase","schema_type":"Iced"},"name":"healthy","type":"string","format":"%s","description":"healthy"},{"__meta":{"schema_version":-1,"schema_name":"ColumnSpecsBase","schema_type":"Iced"},"name":"last_ping","type":"string","format":"%s","description":"last_ping"},{"__meta":{"schema_version":-1,"schema_name":"ColumnSpecsBase","schema_type":"Iced"},"name":"num_cpus","type":"int","format":"%d","description":"num_cpus"},{"__meta":{"schema_version":-1,"schema_name":"ColumnSpecsBase","schema_type":"Iced"},"name":"sys_load","type":"double","format":"%.5f","description":"sys_load"},{"__meta":{"schema_version":-1,"schema_name":"ColumnSpecsBase","schema_type":"Iced"},"name":"mem_value_size","type":"long","format":"%d","description":"mem_value_size"},{"__meta":{"schema_version":-1,"schema_name":"ColumnSpecsBase","schema_type":"Iced"},"name":"free_mem","type":"long","format":"%d","description":"free_mem"},{"__meta":{"schema_version":-1,"schema_name":"ColumnSpecsBase","schema_type":"Iced"},"name":"pojo_mem","type":"long","format":"%d","description":"pojo_mem"},{"__meta":{"schema_version":-1,"schema_name":"ColumnSpecsBase","schema_type":"Iced"},"name":"swap_mem","type":"long","format":"%d","description":"swap_mem"},{"__meta":{"schema_version":-1,"schema_name":"ColumnSpecsBase","schema_type":"Iced"},"name":"free_disc","type":"long","format":"%d","description":"free_disc"},{"__meta":{"schema_version":-1,"schema_name":"ColumnSpecsBase","schema_type":"Iced"},"name":"max_disc","type":"long","format":"%d","description":"max_disc"},{"__meta":{"schema_version":-1,"schema_name":"ColumnSpecsBase","schema_type":"Iced"},"name":"pid","type":"int","format":"%d","description":"pid"},{"__meta":{"schema_version":-1,"schema_name":"ColumnSpecsBase","schema_type":"Iced"},"name":"num_keys","type":"int","format":"%d","description":"num_keys"},{"__meta":{"schema_version":-1,"schema_name":"ColumnSpecsBase","schema_type":"Iced"},"name":"tcps_active","type":"string","format":"%s","description":"tcps_active"},{"__meta":{"schema_version":-1,"schema_name":"ColumnSpecsBase","schema_type":"Iced"},"name":"open_fds","type":"int","format":"%d","description":"open_fds"},{"__meta":{"schema_version":-1,"schema_name":"ColumnSpecsBase","schema_type":"Iced"},"name":"rpcs_active","type":"string","format":"%s","description":"rpcs_active"},{"__meta":{"schema_version":-1,"schema_name":"ColumnSpecsBase","schema_type":"Iced"},"name":"nthreads","type":"int","format":"%d","description":"nthreads"},{"__meta":{"schema_version":-1,"schema_name":"ColumnSpecsBase","schema_type":"Iced"},"name":"is_leader","type":"string","format":"%s","description":"is_leader"},{"__meta":{"schema_version":-1,"schema_name":"ColumnSpecsBase","schema_type":"Iced"},"name":"total_mem","type":"long","format":"%d","description":"total_mem"},{"__meta":{"schema_version":-1,"schema_name":"ColumnSpecsBase","schema_type":"Iced"},"name":"max_mem","type":"long","format":"%d","description":"max_mem"},{"__meta":{"schema_version":-1,"schema_name":"ColumnSpecsBase","schema_type":"Iced"},"name":"java_version","type":"string","format":"%s","description":"java_version"},{"__meta":{"schema_version":-1,"schema_name":"ColumnSpecsBase","schema_type":"Iced"},"name":"jvm_launch_parameters","type":"string","format":"%s","description":"jvm_launch_parameters"},{"__meta":{"schema_version":-1,"schema_name":"ColumnSpecsBase","schema_type":"Iced"},"name":"os_version","type":"string","format":"%s","description":"os_version"},{"__meta":{"schema_version":-1,"schema_name":"ColumnSpecsBase","schema_type":"Iced"},"name":"machine_physical_mem","type":"long","format":"%d","description":"machine_physical_mem"},{"__meta":{"schema_version":-1,"schema_name":"ColumnSpecsBase","schema_type":"Iced"},"name":"machine_locale","type":"string","format":"%s","description":"machine_locale"}],"rowcount":1,"data":[[""],[0],["127.0.0.1:54321"],["true"],["1653386928375"],[16],[12.92],[1132192809],[2312163390],[850611097],[0],[818881232896],[982221062144],[235577],[111504],["\u0000"],[53],["\u0000"],[16],["true"],[3509583872],[4294967296],["Java 11.0.15 (from Private Build)"],["[-ea, -Xmx4G]"],["Linux 5.13.0-41-generic (amd64)"],[33438793728],["en_US"]]},{"__meta":{"schema_version":3,"schema_name":"TwoDimTableV3","schema_type":"TwoDimTable"},"name":"Cluster Configuration","description":"","columns":[{"__meta":{"schema_version":-1,"schema_name":"ColumnSpecsBase","schema_type":"Iced"},"name":"","type":"string","format":"%s","description":""},{"__meta":{"schema_version":-1,"schema_name":"ColumnSpecsBase","schema_type":"Iced"},"name":"h2o_cluster_uptime","type":"long","format":"%d","description":"H2O cluster uptime"},{"__meta":{"schema_version":-1,"schema_name":"ColumnSpecsBase","schema_type":"Iced"},"name":"h2o_cluster_timezone","type":"string","format":"%s","description":"H2O cluster timezone"},{"__meta":{"schema_version":-1,"schema_name":"ColumnSpecsBase","schema_type":"Iced"},"name":"h2o_data_parsing_timezone","type":"string","format":"%s","description":"H2O data parsing timezone"},{"__meta":{"schema_version":-1,"schema_name":"ColumnSpecsBase","schema_type":"Iced"},"name":"h2o_cluster_version","type":"string","format":"%s","description":"H2O cluster version"},{"__meta":{"schema_version":-1,"schema_name":"ColumnSpecsBase","schema_type":"Iced"},"name":"h2o_cluster_version_age","type":"string","format":"%s","description":"H2O cluster version age"},{"__meta":{"schema_version":-1,"schema_name":"ColumnSpecsBase","schema_type":"Iced"},"name":"h2o_cluster_name","type":"string","format":"%s","description":"H2O cluster name"},{"__meta":{"schema_version":-1,"schema_name":"ColumnSpecsBase","schema_type":"Iced"},"name":"h2o_cluster_total_nodes","type":"int","format":"%d","description":"H2O cluster total nodes"},{"__meta":{"schema_version":-1,"schema_name":"ColumnSpecsBase","schema_type":"Iced"},"name":"h2o_cluster_free_memory","type":"long","format":"%d","description":"H2O cluster free memory"},{"__meta":{"schema_version":-1,"schema_name":"ColumnSpecsBase","schema_type":"Iced"},"name":"h2o_cluster_total_cores","type":"int","format":"%d","description":"H2O cluster total cores"},{"__meta":{"schema_version":-1,"schema_name":"ColumnSpecsBase","schema_type":"Iced"},"name":"h2o_cluster_allowed_cores","type":"int","format":"%d","description":"H2O cluster allowed cores"},{"__meta":{"schema_version":-1,"schema_name":"ColumnSpecsBase","schema_type":"Iced"},"name":"h2o_cluster_status","type":"string","format":"%s","description":"H2O cluster status"},{"__meta":{"schema_version":-1,"schema_name":"ColumnSpecsBase","schema_type":"Iced"},"name":"h2o_internal_security","type":"string","format":"%s","description":"H2O internal security"},{"__meta":{"schema_version":-1,"schema_name":"ColumnSpecsBase","schema_type":"Iced"},"name":"h2o_api_extensions","type":"string","format":"%s","description":"H2O API Extensions"}],"rowcount":1,"data":[[""],[141223],["Europe/Madrid"],["UTC"],["3.36.0.2"],["3 months and 28 days"],["H2O_from_python_elizagonzalez_azeafr"],[1],[2312163390],[16],[16],["locked, healthly"],["false"],["Amazon S3, XGBoost, Algos, Infogram, AutoML, Core V3, TargetEncoder, Core V4"]]},{"__meta":{"schema_version":3,"schema_name":"TwoDimTableV3","schema_type":"TwoDimTable"},"name":"Input Frames Information","description":"","columns":[{"__meta":{"schema_version":-1,"schema_name":"ColumnSpecsBase","schema_type":"Iced"},"name":"","type":"string","format":"%s","description":""},{"__meta":{"schema_version":-1,"schema_name":"ColumnSpecsBase","schema_type":"Iced"},"name":"input_frame","type":"string","format":"%s","description":"Input Frame"},{"__meta":{"schema_version":-1,"schema_name":"ColumnSpecsBase","schema_type":"Iced"},"name":"checksum","type":"long","format":"%d","description":"Checksum"},{"__meta":{"schema_version":-1,"schema_name":"ColumnSpecsBase","schema_type":"Iced"},"name":"espc","type":"string","format":"%d","description":"ESPC"}],"rowcount":2,"data":[["",""],["training_frame","validation_frame"],[4392839917209853592,2605726660999267925],["[0, 368, 726, 1088, 1462, 1855, 2242, 2607, 2985, 3377, 3754, 4130, 4516, 4873, 5260, 5638, 6013, 6385, 6762, 7139, 7512, 7902, 8283, 8674, 9039, 9437, 9826, 10207, 10584, 10966, 11340, 11720, 12104, 12481, 12869, 13252, 13622, 14007, 14388, 14751, 15136, 15523, 15897, 16281, 16684, 17060, 17449, 17825, 18199, 18583, 18959, 19348, 19725, 20114, 20493, 20882, 21255, 21641, 22027, 22391, 22766, 23146, 23526, 23899, 24289]","[0, 119, 249, 383, 503, 623, 744, 877, 1000, 1120, 1250, 1382, 1495, 1638, 1767, 1903, 2039, 2174, 2314, 2440, 2566, 2683, 2808, 2932, 3066, 3183, 3310, 3441, 3567, 3686, 3819, 3950, 4085, 4214, 4343, 4470, 4600, 4713, 4840, 4986, 5111, 5231, 5357, 5482, 5580, 5707, 5826, 5949, 6078, 6201, 6326, 6447, 6583, 6701, 6825, 6955, 7092, 7210, 7325, 7460, 7595, 7718, 7840, 7975, 8095]"]]}],"training_metrics":{"__meta":{"schema_version":3,"schema_name":"ModelMetricsClusteringV3","schema_type":"ModelMetricsClustering"},"model":{"__meta":{"schema_version":3,"schema_name":"ModelKeyV3","schema_type":"Key<Model>"},"name":"clustering_h2o","type":"Key<Model>","URL":"/3/Models/clustering_h2o"},"model_checksum":28660590716707144,"frame":{"__meta":{"schema_version":3,"schema_name":"FrameKeyV3","schema_type":"Key<Frame>"},"name":"py_3_sid_bb4e","type":"Key<Frame>","URL":"/3/Frames/py_3_sid_bb4e"},"frame_checksum":-1204409583652966560,"description":null,"model_category":"Clustering","scoring_time":1653386929677,"predictions":null,"MSE":"NaN","RMSE":"NaN","nobs":0,"custom_metric_name":null,"custom_metric_value":0.0,"tot_withinss":115955.76590679985,"totss":534336.0024745853,"betweenss":418380.2365677855,"centroid_stats":{"__meta":{"schema_version":3,"schema_name":"TwoDimTableV3","schema_type":"TwoDimTable"},"name":"Centroid Statistics","description":"","columns":[{"__meta":{"schema_version":-1,"schema_name":"ColumnSpecsBase","schema_type":"Iced"},"name":"","type":"string","format":"%s","description":""},{"__meta":{"schema_version":-1,"schema_name":"ColumnSpecsBase","schema_type":"Iced"},"name":"centroid","type":"long","format":"%d","description":"Centroid"},{"__meta":{"schema_version":-1,"schema_name":"ColumnSpecsBase","schema_type":"Iced"},"name":"size","type":"double","format":"%.5f","description":"Size"},{"__meta":{"schema_version":-1,"schema_name":"ColumnSpecsBase","schema_type":"Iced"},"name":"within_cluster_sum_of_squares","type":"double","format":"%.5f","description":"Within Cluster Sum of Squares"}],"rowcount":20,"data":[["","","","","","","","","","","","","","","","","","","",""],[1,2,3,4,5,6,7,8,9,10,11,12,13,14,15,16,17,18,19,20],[193,664,2153,1177,379,576,507,5705,38,618,377,2875,4901,646,387,46,136,360,741,1810],[4791.375475296115,16134.342160438795,571.5650307399876,12604.471454953695,2053.3747824899674,4081.6161376874184,550.9571913809498,1145.3740101451772,17735.757697249683,2011.246557018686,4646.551871331567,4541.225622643579,2707.3363298685736,4009.8650928476436,2266.8557939210077,4425.151709215803,19988.804217838413,8393.95569842912,1292.7581667937334,2003.180906509906]]}},"validation_metrics":{"__meta":{"schema_version":3,"schema_name":"ModelMetricsClusteringV3","schema_type":"ModelMetricsClustering"},"model":{"__meta":{"schema_version":3,"schema_name":"ModelKeyV3","schema_type":"Key<Model>"},"name":"clustering_h2o","type":"Key<Model>","URL":"/3/Models/clustering_h2o"},"model_checksum":28660590716707144,"frame":{"__meta":{"schema_version":3,"schema_name":"FrameKeyV3","schema_type":"Key<Frame>"},"name":"py_4_sid_bb4e","type":"Key<Frame>","URL":"/3/Frames/py_4_sid_bb4e"},"frame_checksum":2063004405001614834,"description":null,"model_category":"Clustering","scoring_time":1653386929701,"predictions":null,"MSE":"NaN","RMSE":"NaN","nobs":0,"custom_metric_name":null,"custom_metric_value":0.0,"tot_withinss":1.0565688609794652E7,"totss":1.0838408851078236E7,"betweenss":272720.2412835844,"centroid_stats":{"__meta":{"schema_version":3,"schema_name":"TwoDimTableV3","schema_type":"TwoDimTable"},"name":"Centroid Statistics","description":"","columns":[{"__meta":{"schema_version":-1,"schema_name":"ColumnSpecsBase","schema_type":"Iced"},"name":"","type":"string","format":"%s","description":""},{"__meta":{"schema_version":-1,"schema_name":"ColumnSpecsBase","schema_type":"Iced"},"name":"centroid","type":"long","format":"%d","description":"Centroid"},{"__meta":{"schema_version":-1,"schema_name":"ColumnSpecsBase","schema_type":"Iced"},"name":"size","type":"double","format":"%.5f","description":"Size"},{"__meta":{"schema_version":-1,"schema_name":"ColumnSpecsBase","schema_type":"Iced"},"name":"within_cluster_sum_of_squares","type":"double","format":"%.5f","description":"Within Cluster Sum of Squares"}],"rowcount":20,"data":[["","","","","","","","","","","","","","","","","","","",""],[1,2,3,4,5,6,7,8,9,10,11,12,13,14,15,16,17,18,19,20],[69,239,759,389,118,183,163,1951,10,204,121,935,1509,245,115,17,66,137,262,603],[1669.2008837925362,5202.280080764538,203.72385944920308,4428.729904300458,739.3102067874261,1331.1931111563135,182.45496323195601,381.6626078195727,1045.9933928570526,604.9615473536201,1569.568109948777,1633.077862915839,716.5103860136531,1607.828391569471,653.6940428648272,1.0534082310243148E7,5794.894163865039,2751.9138551171172,506.75704502157134,582.5451366756673]]}},"cross_validation_metrics":null,"cross_validation_metrics_summary":null,"status":null,"start_time":1653386928492,"end_time":1653386929702,"run_time":1210,"default_threshold":0.5,"help":{"cross_validation_metrics":"Cross-validation model metrics", "cross_validation_metrics_summary":"Cross-validation model metrics summary", "start_time":"Start time in milliseconds", "run_time":"Runtime in milliseconds", "centers_std":"Cluster Centers[k][features] on Standardized Data", "status":"Job status", "domains":"Domains for categorical columns", "centers":"Cluster Centers[k][features]", "model_category":"Category of the model (e.g., Binomial)", "reproducibility_information_table":"Model reproducibility information", "default_threshold":"Default threshold used for predictions", "__meta":"Metadata on this schema instance, to make it self-describing.", "model_summary":"Model summary", "scoring_history":"Scoring history", "help":"Help information for output fields", "end_time":"End time in milliseconds", "names":"Column names", "column_types":"Column types", "original_names":"Original column names", "cross_validation_fold_assignment_frame_id":"Cross-validation fold assignment (each row is assigned to one holdout fold)", "cv_scoring_history":"Cross-Validation scoring history", "cross_validation_models":"Cross-validation models (model ids)", "training_metrics":"Training data model metrics", "cross_validation_predictions":"Cross-validation predictions, one per cv model (deprecated, use cross_validation_holdout_predictions_frame_id instead)", "cross_validation_holdout_predictions_frame_id":"Cross-validation holdout predictions (full out-of-sample predictions on training data)", "validation_metrics":"Validation data model metrics"},"centers":{"__meta":{"schema_version":3,"schema_name":"TwoDimTableV3","schema_type":"TwoDimTable"},"name":"Cluster Means","description":"","columns":[{"__meta":{"schema_version":-1,"schema_name":"ColumnSpecsBase","schema_type":"Iced"},"name":"centroid","type":"string","format":"%s","description":"Centroid"},{"__meta":{"schema_version":-1,"schema_name":"ColumnSpecsBase","schema_type":"Iced"},"name":"duration","type":"double","format":"%f","description":"duration"},{"__meta":{"schema_version":-1,"schema_name":"ColumnSpecsBase","schema_type":"Iced"},"name":"src_bytes","type":"double","format":"%f","description":"src_bytes"},{"__meta":{"schema_version":-1,"schema_name":"ColumnSpecsBase","schema_type":"Iced"},"name":"dst_bytes","type":"double","format":"%f","description":"dst_bytes"},{"__meta":{"schema_version":-1,"schema_name":"ColumnSpecsBase","schema_type":"Iced"},"name":"logged_in","type":"double","format":"%f","description":"logged_in"},{"__meta":{"schema_version":-1,"schema_name":"ColumnSpecsBase","schema_type":"Iced"},"name":"root_shell","type":"double","format":"%f","description":"root_shell"},{"__meta":{"schema_version":-1,"schema_name":"ColumnSpecsBase","schema_type":"Iced"},"name":"serror_rate","type":"double","format":"%f","description":"serror_rate"},{"__meta":{"schema_version":-1,"schema_name":"ColumnSpecsBase","schema_type":"Iced"},"name":"srv_serror_rate","type":"double","format":"%f","description":"srv_serror_rate"},{"__meta":{"schema_version":-1,"schema_name":"ColumnSpecsBase","schema_type":"Iced"},"name":"rerror_rate","type":"double","format":"%f","description":"rerror_rate"},{"__meta":{"schema_version":-1,"schema_name":"ColumnSpecsBase","schema_type":"Iced"},"name":"srv_rerror_rate","type":"double","format":"%f","description":"srv_rerror_rate"},{"__meta":{"schema_version":-1,"schema_name":"ColumnSpecsBase","schema_type":"Iced"},"name":"same_srv_rate","type":"double","format":"%f","description":"same_srv_rate"},{"__meta":{"schema_version":-1,"schema_name":"ColumnSpecsBase","schema_type":"Iced"},"name":"diff_srv_rate","type":"double","format":"%f","description":"diff_srv_rate"},{"__meta":{"schema_version":-1,"schema_name":"ColumnSpecsBase","schema_type":"Iced"},"name":"srv_diff_host_rate","type":"double","format":"%f","description":"srv_diff_host_rate"},{"__meta":{"schema_version":-1,"schema_name":"ColumnSpecsBase","schema_type":"Iced"},"name":"dst_host_count","type":"double","format":"%f","description":"dst_host_count"},{"__meta":{"schema_version":-1,"schema_name":"ColumnSpecsBase","schema_type":"Iced"},"name":"dst_host_srv_count","type":"double","format":"%f","description":"dst_host_srv_count"},{"__meta":{"schema_version":-1,"schema_name":"ColumnSpecsBase","schema_type":"Iced"},"name":"dst_host_same_srv_rate","type":"double","format":"%f","description":"dst_host_same_srv_rate"},{"__meta":{"schema_version":-1,"schema_name":"ColumnSpecsBase","schema_type":"Iced"},"name":"dst_host_diff_srv_rate","type":"double","format":"%f","description":"dst_host_diff_srv_rate"},{"__meta":{"schema_version":-1,"schema_name":"ColumnSpecsBase","schema_type":"Iced"},"name":"dst_host_same_src_port_rate","type":"double","format":"%f","description":"dst_host_same_src_port_rate"},{"__meta":{"schema_version":-1,"schema_name":"ColumnSpecsBase","schema_type":"Iced"},"name":"dst_host_srv_diff_host_rate","type":"double","format":"%f","description":"dst_host_srv_diff_host_rate"},{"__meta":{"schema_version":-1,"schema_name":"ColumnSpecsBase","schema_type":"Iced"},"name":"dst_host_serror_rate","type":"double","format":"%f","description":"dst_host_serror_rate"},{"__meta":{"schema_version":-1,"schema_name":"ColumnSpecsBase","schema_type":"Iced"},"name":"dst_host_srv_serror_rate","type":"double","format":"%f","description":"dst_host_srv_serror_rate"},{"__meta":{"schema_version":-1,"schema_name":"ColumnSpecsBase","schema_type":"Iced"},"name":"dst_host_rerror_rate","type":"double","format":"%f","description":"dst_host_rerror_rate"},{"__meta":{"schema_version":-1,"schema_name":"ColumnSpecsBase","schema_type":"Iced"},"name":"dst_host_srv_rerror_rate","type":"double","format":"%f","description":"dst_host_srv_rerror_rate"}],"rowcount":20,"data":[["1","2","3","4","5","6","7","8","9","10","11","12","13","14","15","16","17","18","19","20"],[0.23152709359605916,-3.219646771412954E-15,0.0191142191142194,0.04757858963466455,0.11640211640211662,0.1753472222222187,0.3876739562624256,0.024363833243096544,0.3421052631578948,0.3454545454545456,0.047745358090185874,0.07571428571428596,0.10947847682119205,0.11111111111111138,0.012919896640827044,253.0,0.007352941176470673,2.5192307692307683,0.04718217562254301,0.4669555796316359],[122.00492610837432,0.26957831325762527,267.9892773892775,58.974511469839626,222.40740740740716,54171.97916666688,260.5626242544729,267.7179209528965,269.3684210526317,250.0595041322315,1.6312997347481542,263.3357142857142,266.795943708609,340.9537037037037,233.91214470284262,296.67391304347825,5.838235294118476,266.2596153846155,247.27391874180853,259.1717226435535],[10212.108374384236,411.96536144577385,2606.6386946386947,4.762956669499545,6248.555555555555,8161.138888888872,4056.630218687873,2725.195452084461,177347.52631578947,5740.343801652893,2.0079575596810173,3386.5385714285712,4863.499586092716,4490.368827160494,6322.945736434109,540.630434782609,75.7573529411784,27664.06891025641,6573.572739187418,4112.581256771397],[0.5172413793103449,0.003012048192772898,0.9995337995337996,0.004248088360238045,0.8703703703703703,0.9999999999999994,1.0,0.997834325933947,1.0,0.9983471074380166,0.0053050397877986155,0.9971428571428572,0.9964817880794703,0.9953703703703705,0.9870801033591732,1.0,0.022058823529412352,1.0,1.0,0.9994582881906826],[0.0,4.553649124439119E-18,-1.0842021724855044E-18,-4.3368086899420177E-19,0.0,5.421010862427522E-18,0.0,2.168404344971009E-18,0.9736842105263158,0.0,0.0,-1.0842021724855044E-18,1.734723475976807E-18,0.0,-2.1684043449710089E-19,0.0,-1.0842021724855044E-18,0.0,-2.1684043449710089E-19,-1.0842021724855044E-18],[0.7749753694581281,0.9910542168674684,0.0012540792540792212,-6.938893903907228E-18,0.35063492063492063,0.0035590277777778484,6.560636182902577E-4,0.0031312037538350837,0.0281578947368421,5.454545454545365E-4,-6.938893903907228E-18,0.0012214285714285539,0.0012003311258278401,0.007932098765432105,0.009043927648578809,-6.938893903907228E-18,0.008235294117647049,0.0029967948717948625,0.007549148099606821,0.002529794149512432],[0.6519211822660098,0.9628162650602389,0.0023170163170163557,0.0053780798640611915,0.3011111111111111,0.00399305555555568,0.009522862823061636,0.0029832160259880974,0.027894736842105267,0.005553719008264464,0.0077188328912466825,0.001400000000000047,0.0014817880794702268,0.008564814814814817,0.007054263565891478,6.938893903907228E-18,0.019632352941176486,0.002307692307692309,0.005910878112712986,0.004983748645720508],[0.004926108374384244,0.008192771084337663,5.034965034964589E-4,0.9749957519116395,0.0,0.07305555555555551,0.0010536779324055723,5.757083558923792E-4,-1.3877787807814457E-17,0.008264462809917328,0.9946949602122016,0.0015892857142856681,0.0011030629139072434,0.0019907407407407235,0.015503875968992234,0.007173913043478253,0.9394852941176467,0.03134615384615383,7.601572739187185E-4,0.0012676056338027653],[0.008768472906403951,0.010557228915662464,0.0029417249417249963,0.9663381478334749,0.0035449735449735453,0.12269097222222208,0.025725646123260434,6.280454791553064E-4,0.013157894736842111,0.02692561983471075,0.9599734748010611,0.001667857142857207,0.0011009933774834002,0.004290123456790126,0.010801033591731263,0.021739130434782608,0.9522058823529407,0.028766025641025636,0.0010353866317169141,0.0020097508125677677],[1.0,0.32141566265060184,1.0,0.9966015293118097,1.0,0.9978645833333333,0.9996023856858847,1.0,1.0,1.0,1.0,1.0,1.0,0.9993981481481482,1.0,0.9928260869565217,0.24897058823529405,0.9860416666666667,1.0,1.0],[0.0,0.13355421686747004,-1.734723475976807E-18,-1.734723475976807E-18,-8.673617379884035E-19,0.004288194444444461,7.952286282306162E-4,5.204170427930421E-18,0.0,0.0,0.0,-2.6020852139652106E-18,1.734723475976807E-18,0.001219135802469135,-8.673617379884035E-19,0.014565217391304348,0.11154411764705885,0.01046474358974359,-8.673617379884035E-19,-1.734723475976807E-18],[0.2366502463054187,0.028283132530120297,0.18939860139860137,0.0037892948173322005,0.15047619047619049,0.10604166666666663,0.5080318091451292,0.013172712506767603,0.039473684210526314,0.8556363636363636,0.9840318302387269,0.03508928571428571,0.021179635761589294,0.0778395061728395,0.178656330749354,0.12304347826086956,0.031838235294117626,0.018685897435897422,0.09973787680209699,0.2856229685807151],[70.06896551724137,239.7274096385542,243.54079254079258,35.71877655055225,143.505291005291,142.60069444444446,231.8648111332008,251.17343439812328,99.10526315789474,74.8396694214876,25.9761273209549,105.99928571428572,27.932326158940356,39.68518518518519,1.028423772609841,167.6304347826087,207.97794117647067,198.55769230769232,2.935779816513744,44.70043336944745],[236.8128078817734,34.55722891566262,253.7888111888112,195.76550552251487,250.2116402116402,142.60069444444449,251.49900596421472,253.59826746074714,248.92105263157896,250.15537190082645,204.0397877984085,252.98964285714288,253.75062086092714,70.22530864197529,236.24806201550388,235.2391304347826,13.713235294117652,248.21955128205127,252.78636959370905,253.93878656554713],[0.998423645320197,0.1710542168674697,0.9983589743589744,0.9924384027187766,0.9992063492063492,1.0,0.9937574552683897,0.9955711965349214,0.9994736842105263,0.997305785123967,0.9945358090185676,1.0,1.0,0.9811728395061728,1.0,0.9565217391304348,0.1047058823529411,0.9955448717948718,1.0,1.0],[4.926108374384238E-4,0.04902108433734934,4.6620046620046577E-4,0.00124893797790994,2.9100529100529104E-4,-4.3368086899420177E-19,0.0018886679920477138,0.0011857065511640527,2.631578947368419E-4,7.107438016528923E-4,8.222811671087533E-4,2.168404344971009E-18,4.336808689942018E-18,0.005077160493827161,0.0,0.011521739130434782,0.17544117647058827,0.0011538461538461537,-4.3368086899420177E-19,-4.3368086899420177E-19],[0.27108374384236456,0.008253012048192641,0.0013519813519812934,0.1992948173322005,0.03708994708994709,0.023437499999999944,0.002027833001988069,5.757083558923376E-4,0.036052631578947364,0.08707438016528926,0.26517241379310347,0.011642857142857205,0.05934188741721855,0.08950617283950617,1.0,0.04673913043478261,0.05808823529411761,0.006586538461538449,0.3677850589777195,0.050433369447453955],[0.043004926108374385,3.469446951953614E-17,0.0029557109557109378,0.13651656754460492,0.017751322751322754,6.591949208711867E-17,0.00584493041749503,0.0013354990073994183,0.03342105263157895,0.03295867768595041,0.14864721485411142,0.034164285714285716,0.03704884105960265,0.05064814814814815,0.04785529715762274,0.0191304347826087,0.023088235294117652,0.011041666666666668,0.040602883355176936,0.03448537378114843],[0.23581280788177345,0.9917771084337322,3.4498834498836173E-4,0.0012234494477485133,0.03740740740740741,0.0019965277777779164,7.355864811133157E-4,3.6996931961735813E-4,0.0039473684210526334,0.0019008264462809857,2.3872679045093548E-4,0.0010285714285714377,0.001626655629139051,0.011172839506172833,0.0064599483204134354,0.013478260869565217,0.005955882352941179,0.0012019230769230692,0.014941022280471825,0.0023022751895991414],[0.009014778325123152,0.9955120481927693,3.2167832167833213E-4,0.002327952421410373,0.004153439153439156,0.001996527777777625,5.566600397614342E-4,3.447031221801185E-4,7.894736842105239E-4,0.0013388429752066132,0.0010079575596817006,7.321428571428687E-4,9.416390728476907E-4,0.007237654320987653,0.002661498708010336,0.001086956521739131,0.019632352941176476,7.051282051282123E-4,0.0010091743119266076,0.0010725893824485473],[0.056453201970443345,1.204819277109831E-4,9.324009324009203E-4,0.916389124893798,0.007116402116402104,0.057100694444444475,0.0011729622266401507,0.0019761775852735475,0.0,0.011173553719008252,0.9414588859416444,0.029053571428571408,0.0023737582781458016,0.013719135802469126,0.015503875968992241,0.012608695652173908,0.8498529411764707,0.003958333333333314,0.004338138925294874,0.005514626218851557],[0.07783251231527094,4.3021142204224816E-16,8.578088578088533E-4,0.8582582837723025,0.00915343915343915,0.05710069444444446,0.0011133200795228476,0.002003248511099065,0.025263157894736835,0.010363636363636353,0.9019628647214855,0.05742499999999999,0.0021233443708609245,0.025833333333333326,0.025322997416020683,0.023913043478260877,0.947573529411764,0.003974358974358966,0.01505897771952816,0.0089382448537378]]},"centers_std":{"__meta":{"schema_version":3,"schema_name":"TwoDimTableV3","schema_type":"TwoDimTable"},"name":"Standardized Cluster Means","description":"","columns":[{"__meta":{"schema_version":-1,"schema_name":"ColumnSpecsBase","schema_type":"Iced"},"name":"centroid","type":"string","format":"%s","description":"Centroid"},{"__meta":{"schema_version":-1,"schema_name":"ColumnSpecsBase","schema_type":"Iced"},"name":"duration","type":"double","format":"%f","description":"duration"},{"__meta":{"schema_version":-1,"schema_name":"ColumnSpecsBase","schema_type":"Iced"},"name":"src_bytes","type":"double","format":"%f","description":"src_bytes"},{"__meta":{"schema_version":-1,"schema_name":"ColumnSpecsBase","schema_type":"Iced"},"name":"dst_bytes","type":"double","format":"%f","description":"dst_bytes"},{"__meta":{"schema_version":-1,"schema_name":"ColumnSpecsBase","schema_type":"Iced"},"name":"logged_in","type":"double","format":"%f","description":"logged_in"},{"__meta":{"schema_version":-1,"schema_name":"ColumnSpecsBase","schema_type":"Iced"},"name":"root_shell","type":"double","format":"%f","description":"root_shell"},{"__meta":{"schema_version":-1,"schema_name":"ColumnSpecsBase","schema_type":"Iced"},"name":"serror_rate","type":"double","format":"%f","description":"serror_rate"},{"__meta":{"schema_version":-1,"schema_name":"ColumnSpecsBase","schema_type":"Iced"},"name":"srv_serror_rate","type":"double","format":"%f","description":"srv_serror_rate"},{"__meta":{"schema_version":-1,"schema_name":"ColumnSpecsBase","schema_type":"Iced"},"name":"rerror_rate","type":"double","format":"%f","description":"rerror_rate"},{"__meta":{"schema_version":-1,"schema_name":"ColumnSpecsBase","schema_type":"Iced"},"name":"srv_rerror_rate","type":"double","format":"%f","description":"srv_rerror_rate"},{"__meta":{"schema_version":-1,"schema_name":"ColumnSpecsBase","schema_type":"Iced"},"name":"same_srv_rate","type":"double","format":"%f","description":"same_srv_rate"},{"__meta":{"schema_version":-1,"schema_name":"ColumnSpecsBase","schema_type":"Iced"},"name":"diff_srv_rate","type":"double","format":"%f","description":"diff_srv_rate"},{"__meta":{"schema_version":-1,"schema_name":"ColumnSpecsBase","schema_type":"Iced"},"name":"srv_diff_host_rate","type":"double","format":"%f","description":"srv_diff_host_rate"},{"__meta":{"schema_version":-1,"schema_name":"ColumnSpecsBase","schema_type":"Iced"},"name":"dst_host_count","type":"double","format":"%f","description":"dst_host_count"},{"__meta":{"schema_version":-1,"schema_name":"ColumnSpecsBase","schema_type":"Iced"},"name":"dst_host_srv_count","type":"double","format":"%f","description":"dst_host_srv_count"},{"__meta":{"schema_version":-1,"schema_name":"ColumnSpecsBase","schema_type":"Iced"},"name":"dst_host_same_srv_rate","type":"double","format":"%f","description":"dst_host_same_srv_rate"},{"__meta":{"schema_version":-1,"schema_name":"ColumnSpecsBase","schema_type":"Iced"},"name":"dst_host_diff_srv_rate","type":"double","format":"%f","description":"dst_host_diff_srv_rate"},{"__meta":{"schema_version":-1,"schema_name":"ColumnSpecsBase","schema_type":"Iced"},"name":"dst_host_same_src_port_rate","type":"double","format":"%f","description":"dst_host_same_src_port_rate"},{"__meta":{"schema_version":-1,"schema_name":"ColumnSpecsBase","schema_type":"Iced"},"name":"dst_host_srv_diff_host_rate","type":"double","format":"%f","description":"dst_host_srv_diff_host_rate"},{"__meta":{"schema_version":-1,"schema_name":"ColumnSpecsBase","schema_type":"Iced"},"name":"dst_host_serror_rate","type":"double","format":"%f","description":"dst_host_serror_rate"},{"__meta":{"schema_version":-1,"schema_name":"ColumnSpecsBase","schema_type":"Iced"},"name":"dst_host_srv_serror_rate","type":"double","format":"%f","description":"dst_host_srv_serror_rate"},{"__meta":{"schema_version":-1,"schema_name":"ColumnSpecsBase","schema_type":"Iced"},"name":"dst_host_rerror_rate","type":"double","format":"%f","description":"dst_host_rerror_rate"},{"__meta":{"schema_version":-1,"schema_name":"ColumnSpecsBase","schema_type":"Iced"},"name":"dst_host_srv_rerror_rate","type":"double","format":"%f","description":"dst_host_srv_rerror_rate"}],"rowcount":20,"data":[["1","2","3","4","5","6","7","8","9","10","11","12","13","14","15","16","17","18","19","20"],[-0.033270834554962304,-0.05168182796193916,-0.050161868649076055,-0.04789838695522312,-0.04242555231682379,-0.03773824795960315,-0.020854063738125664,-0.04974442026489449,-0.024477678129345825,-0.024211343795320427,-0.047885125557226856,-0.045661041394593566,-0.04297611890795925,-0.04284629211887447,-0.050654440073210474,20.066833286695744,-0.051097123384089047,0.14864695586446391,-0.04792990972713826,-0.01454960311335074],[-0.16997556434607797,-0.184777082480598,-0.1522256662106811,-0.17763928603576137,-0.15776785989034667,6.401835239845504,-0.15312865571245346,-0.15225865980939138,-0.1520579793365482,-0.15440570568827516,-0.18461151393637962,-0.15279148213773172,-0.15237076088067517,-0.1433540911190695,-0.1563690256092973,-0.14873796799888211,-0.1841000024148651,-0.152435971795643,-0.15474439854469177,-0.15329777220811588],[0.1935038549738348,-0.141636197665353,-0.06658393205646991,-0.15556148785666474,0.05796039417058719,0.12336589673967363,-0.016997896928752834,-0.06252959143321077,5.909111544862036,0.04058084024673857,-0.1556557018436919,-0.03991333292178597,0.01059499043095177,-0.0021651358268740925,0.06050434981516933,-0.1372361782580849,-0.1531336594390421,0.7903166734120338,0.06907515809670695,-0.015084513233864555],[-1.2369052765272055,-2.9182149370849295,0.33998436446851954,-2.914173615152009,-0.08232472624646549,0.34150864031228534,0.34150864031228717,0.33442781370723756,0.34150864031228717,0.33610438959347433,-2.9107178366921613,0.33216700692691087,0.3300055942355097,0.3263717343637604,0.29926611208384013,0.34150864031228717,-2.855940139755948,0.3415086403122872,0.3415086403122872,0.3397374747191768],[-0.03905873214805151,-0.03905873214805139,-0.039058732148051535,-0.03905873214805152,-0.03905873214805151,-0.03905873214805137,-0.03905873214805151,-0.03905873214805145,24.926666140063084,-0.03905873214805151,-0.03905873214805151,-0.039058732148051535,-0.039058732148051466,-0.03905873214805151,-0.039058732148051514,-0.03905873214805151,-0.039058732148051535,-0.03905873214805151,-0.039058732148051514,-0.039058732148051535],[4.003581546920496,5.182691144329866,-0.21849854068422414,-0.22534186154661082,1.6880198814670015,-0.2059207851176229,-0.22176182158382945,-0.20825535612575855,-0.0716884876735227,-0.22236539856929016,-0.2253418615466108,-0.2186767105223964,-0.21879183609293176,-0.182057597982385,-0.1759905158847481,-0.2253418615466108,-0.18040310679098528,-0.20898880507132078,-0.18414730186049527,-0.21153715739845616],[3.4621879168239285,5.220412878006388,-0.21156031101659906,-0.19424888142495725,1.4782291542886628,-0.20208169849357144,-0.17080862372869254,-0.20779270894673332,-0.06690898275121991,-0.19325557807411808,-0.18101107025286836,-0.21674637238462918,-0.21628383099748597,-0.17622673425965127,-0.18476945190938712,-0.2246638824447182,-0.11363577393401936,-0.2116130416863301,-0.19123571321517277,-0.19647896813082827],[-0.26478586074016947,-0.25188801943926786,-0.28224776333341495,3.5653629559841886,-0.2842357304344778,0.004211239873696187,-0.2800754690420113,-0.28196264757615946,-0.28423573043447786,-0.2516049573109689,3.643141803993164,-0.27796071622435176,-0.27988048115663344,-0.27637564188995856,-0.22302141186169352,-0.2559108006340058,3.4251561792778746,-0.16047097306621477,-0.28123438356972313,-0.2792308132610271],[-0.2575592213642573,-0.2504612392759144,-0.2806804030528228,3.5421833739325286,-0.27828664573851425,0.19449788168252746,-0.19027127871630048,-0.28986133957993143,-0.240141509071821,-0.18550965003901243,3.5169276459582255,-0.2857352516584907,-0.28798462990366663,-0.2753298083052207,-0.2494937953009768,-0.20609021478430173,3.486104978260153,-0.1782067158317248,-0.2882449647419088,-0.284378579685811],[0.17047093749134798,-4.779888483514115,0.17047093749134815,0.1456786597119812,0.17047093749134798,0.15489280013719506,0.1675702902799847,0.1704709374913483,0.170470937491348,0.17047093749134803,0.17047093749134803,0.17047093749134823,0.17047093749134834,0.1660803513535923,0.17047093749134798,0.11813632546806613,-5.3083845552597335,0.06864311283493718,0.170470937491348,0.1704709374913481],[-0.1111376835360937,3.0317387078563134,-0.11113768353609374,-0.11113768353609373,-0.11113768353609371,-0.010225369441822334,-0.09242389568238998,-0.11113768353609356,-0.1111376835360937,-0.11113768353609368,-0.11113768353609368,-0.11113768353609375,-0.11113768353609366,-0.08244826270497393,-0.11113768353609371,0.23161957975611774,2.513784106088259,0.13512481825235456,-0.11113768353609371,-0.11113768353609374],[0.5658445771765293,-0.392366586162554,0.3485499532049502,-0.5050056120825442,0.16955871042109705,-0.03478090911146255,1.8138382664198507,-0.46185439010042967,-0.34090495505481844,3.4123561827365254,4.002804297083348,-0.36106734780243477,-0.42503320892765,-0.1644732800707672,0.2991498176978716,0.04340477658230554,-0.3760178491015154,-0.4365010833864829,-0.06376994538562378,0.7910538644438976],[-0.5652410648780944,1.0499842481856798,1.0862893824452853,-0.8922704385993776,0.13390605061633198,0.12529388120291315,0.975128745424949,1.1589555936519336,-0.2888023459582056,-0.5198218006193657,-0.9850248766908564,-0.22316812539472422,-0.966400976790886,-0.8545084299838038,-1.2225383260378542,0.36358835798538414,0.7477149128638955,0.6580298723873294,-1.204379431683407,-0.8067609933002211],[0.04143775511435374,-3.3885940689078957,0.3293320712340744,-0.6546792771189631,0.26866719190473265,-1.556295909145055,0.29049949696676886,0.32610065950012634,0.24678024819753466,0.2677129433358586,-0.5143565642804027,0.31577905665526546,0.32868440534183163,-2.783702727030426,0.03186028731993484,0.014749919102527707,-3.7420852399652613,0.23488355805047265,0.3123317660237041,0.3318754884176873],[0.1855648654793602,-5.177726933894452,0.18514564617531612,0.14676647450969027,0.19063861994692421,0.19578333601543307,0.1553170245771651,0.1670743162131005,0.19237157693842197,0.17831851310385682,0.16036257997452644,0.19578333601543307,0.19578333601543302,0.07373923816802623,0.19578333601543318,-0.08605763121592724,-5.607819545691038,0.16690367023855307,0.19578333601543324,0.19578333601543313],[-0.10131513597992135,1.8911937450282468,-0.10239950759615303,-0.07026143831230824,-0.10959276790933407,-0.12154102395224203,-0.04399504988739034,-0.07285762917230365,-0.1107361416933444,-0.09235891219845906,-0.08777934941382985,-0.12154102395224192,-0.12154102395224184,0.08691983716000798,-0.12154102395224202,0.3515249079916666,7.081819745531059,-0.07416577097092171,-0.12154102395224203,-0.12154102395224203],[1.1867270031968027,-0.3442601181060573,-0.38445857224987956,0.7685570228868527,-0.17628517900590987,-0.2558105850582978,-0.3805217412521941,-0.3889803568658357,-0.18232753439269148,0.11487378395699914,1.1522935481993228,-0.3245142948238417,-0.04666778673029406,0.1290389587845011,5.432658949844383,-0.12007875546027176,-0.05397030132575083,-0.3539673147559413,1.7500114679724725,-0.09855983979616433],[0.293124018081057,-0.5997249657275552,-0.538359820800017,2.234570768162913,-0.2311799660259777,-0.5997249657275545,-0.4783751424412357,-0.571997934442138,0.09414793629118917,0.08454831509191896,2.486421825782204,0.10957860813923255,0.1694664522042501,0.4518091653136831,0.3938252459241806,-0.20254746070347449,-0.12037738195684797,-0.3704828356970846,0.24325388399798606,0.1162448945430039],[1.2252097632373058,5.7593464381685875,-0.18708348334630948,-0.18181463308364867,0.035210179740544655,-0.17717784956593277,-0.1847407466153939,-0.18693365199427583,-0.16547706144517088,-0.1777518487834397,-0.18772082086504094,-0.18298347607430787,-0.17939627558546126,-0.12213999722563201,-0.15040706321632735,-0.1083124982983741,-0.15343035940641456,-0.1819437443490438,-0.09953912083197347,-0.1753440320798534],[-0.11915024286518061,5.933602696232151,-0.17248762980268026,-0.1601779338463831,-0.14897747691652982,-0.1622114229873176,-0.17104587590410894,-0.17234635882995064,-0.16961742443876404,-0.16624671405537644,-0.16827689470817395,-0.16996918347817952,-0.16868379843549486,-0.1300539654275499,-0.15813142715223502,-0.1677921886533433,-0.054005048928633594,-0.1701349345850248,-0.1682694292027423,-0.16788033967739951],[-0.062377292648223566,-0.2933127180184806,-0.2899842641364022,3.4629214680156517,-0.2646330128061954,-0.05972290369285159,-0.28899808550397305,-0.2857053121323123,-0.29380663248247696,-0.24800076017524245,3.5656947040163876,-0.1747018054602303,-0.28407543403734714,-0.23756517174967018,-0.2302486471930937,-0.24211741009821983,3.1901570448239673,-0.27757948436328134,-0.27602247511765804,-0.2711994771624001],[0.018502132560293965,-0.30135661251648743,-0.29783138049438657,3.2257223604347733,-0.26373984448905785,-0.0666968806806279,-0.296781337314495,-0.2931241074132026,-0.19753570605319223,-0.25876644520597764,3.405329725026672,-0.0653641218509856,-0.29263056416437694,-0.195192525872597,-0.19728979090007068,-0.20308410594570533,3.5927702885646435,-0.28502367610973656,-0.2394705757919306,-0.2646242021514617]]}},"compatible_frames":null}
